date,day,artist,title,url,venue,note
2027/03/31,火,para-dice17周年前夜祭  松延慎吾バンドワンマンライブ,出演: 松延慎吾,https://para-dice.net/,扇町para-dice,
2027/03/31,火,出演: 松延慎吾,出演: 松延慎吾,https://para-dice.net/,扇町para-dice,
2027/03/31,火,『サポート』,出演: 松延慎吾,https://para-dice.net/,扇町para-dice,
2027/03/31,火,絶妙なアンバランズ,出演: 松延慎吾,https://para-dice.net/,扇町para-dice,
2027/03/31,火,Cecilia REI,出演: 松延慎吾,https://para-dice.net/,扇町para-dice,
2027/03/31,火,豊田梵,出演: 松延慎吾,https://para-dice.net/,扇町para-dice,
2026/04/01,水,para-dice 17th anniversary,para-dice 17th anniversary,https://para-dice.net/,扇町para-dice,
2026/04/01,水,ラウンドヘッド企画,para-dice 17th anniversary,https://para-dice.net/,扇町para-dice,
2026/04/01,水,『春は可惜夜、値千金』,para-dice 17th anniversary,https://para-dice.net/,扇町para-dice,
2026/04/01,水,カナデ,para-dice 17th anniversary,https://para-dice.net/,扇町para-dice,
2026/04/01,水,今村モータース,para-dice 17th anniversary,https://para-dice.net/,扇町para-dice,
2026/04/01,水,百回中百回,para-dice 17th anniversary,https://para-dice.net/,扇町para-dice,
2026/04/01,水,ラウンドヘッド,para-dice 17th anniversary,https://para-dice.net/,扇町para-dice,
2026/04/02,木,para-dice 17th Anniversary,,https://para-dice.net/,扇町para-dice,
2026/04/02,木,マッドショットガン2マン企画,,https://para-dice.net/,扇町para-dice,
2026/04/02,木,『 checkpoint 』,,https://para-dice.net/,扇町para-dice,
2026/04/02,木,マッドショットガン × Bob,,https://para-dice.net/,扇町para-dice,
2026/04/02,木,20:30～21:20 Bob,,https://para-dice.net/,扇町para-dice,
2026/04/02,木,21:35～22:25 マッドショットガン,,https://para-dice.net/,扇町para-dice,
2026/04/03,金,para-dice 17th Anniversary,para-dice 17th Anniversary,https://para-dice.net/,扇町para-dice,
2026/04/03,金,para-dice企画,para-dice 17th Anniversary,https://para-dice.net/,扇町para-dice,
2026/04/03,金,『 Frame By Frame 』,para-dice 17th Anniversary,https://para-dice.net/,扇町para-dice,
2026/04/03,金,余類,para-dice 17th Anniversary,https://para-dice.net/,扇町para-dice,
2026/04/03,金,ALL ITEM 10 TIMES,para-dice 17th Anniversary,https://para-dice.net/,扇町para-dice,
2026/04/03,金,喃語,para-dice 17th Anniversary,https://para-dice.net/,扇町para-dice,
2026/04/03,金,ANYO,para-dice 17th Anniversary,https://para-dice.net/,扇町para-dice,
2026/04/03,金,FOOD : 喫茶室ラハト,para-dice 17th Anniversary,https://para-dice.net/,扇町para-dice,
2026/04/04,土,para-dice 17th Anniversary,para-dice 17th Anniversary,https://para-dice.net/,扇町para-dice,
2026/04/04,土,エレベーターズワンマンショー,para-dice 17th Anniversary,https://para-dice.net/,扇町para-dice,
2026/04/04,土,「para-dice17周年祭りでいっ!! 〜扇町のアイドル降臨〜」,para-dice 17th Anniversary,https://para-dice.net/,扇町para-dice,
2026/04/05,日,para-dice 17th Anniversary,para-dice 17th Anniversary,https://para-dice.net/,扇町para-dice,
2026/04/05,日,ZOOZ pre.  「Peace」,para-dice 17th Anniversary,https://para-dice.net/,扇町para-dice,
2026/04/05,日,ZOOZ,para-dice 17th Anniversary,https://para-dice.net/,扇町para-dice,
2026/04/05,日,moja,para-dice 17th Anniversary,https://para-dice.net/,扇町para-dice,
2026/04/05,日,ORANGE STONES,para-dice 17th Anniversary,https://para-dice.net/,扇町para-dice,
2026/04/05,日,Atomic stooges,para-dice 17th Anniversary,https://para-dice.net/,扇町para-dice,
2026/04/06,月,para-dice 17th Anniversary,para-dice企画,https://para-dice.net/,扇町para-dice,
2026/04/06,月,para-dice企画,para-dice企画,https://para-dice.net/,扇町para-dice,
2026/04/06,月,『 new generation invasion 』,para-dice企画,https://para-dice.net/,扇町para-dice,
2026/04/06,月,El Primo,para-dice企画,https://para-dice.net/,扇町para-dice,
2026/04/06,月,Andy Garden,para-dice企画,https://para-dice.net/,扇町para-dice,
2026/04/06,月,瞬間最大風速,para-dice企画,https://para-dice.net/,扇町para-dice,
2026/04/06,月,TOTOJI,para-dice企画,https://para-dice.net/,扇町para-dice,
2026/04/08,水,para-dice 17th Anniversary,para-dice 17th Anniversary,https://para-dice.net/,扇町para-dice,
2026/04/08,水,テルルス企画,para-dice 17th Anniversary,https://para-dice.net/,扇町para-dice,
2026/04/08,水,「I WANT YOU!!!vol.7 〜ワンマン編〜」,para-dice 17th Anniversary,https://para-dice.net/,扇町para-dice,
2026/04/09,木,para-dice 17th anniversary,para-dice 17th anniversary,https://para-dice.net/,扇町para-dice,
2026/04/09,木,浅野毅企画,para-dice 17th anniversary,https://para-dice.net/,扇町para-dice,
2026/04/09,木,"new album  "" UTOTARO "" release party",para-dice 17th anniversary,https://para-dice.net/,扇町para-dice,
2026/04/09,木,『春めいて』,para-dice 17th anniversary,https://para-dice.net/,扇町para-dice,
2026/04/09,木,浅野毅ワンマンライブ,para-dice 17th anniversary,https://para-dice.net/,扇町para-dice,
2026/04/09,木,keyboard 廣瀬武雄,para-dice 17th anniversary,https://para-dice.net/,扇町para-dice,
2026/04/09,木,drums 平井拓弥,para-dice 17th anniversary,https://para-dice.net/,扇町para-dice,
2026/04/09,木,guitar 渡邊剣太,para-dice 17th anniversary,https://para-dice.net/,扇町para-dice,
2026/04/09,木,bass 前田健太,para-dice 17th anniversary,https://para-dice.net/,扇町para-dice,
2026/04/10,金,para-dice 17th anniversary,para-dice 17th anniversary,https://para-dice.net/,扇町para-dice,
2026/04/10,金,かりすの死骸企画,para-dice 17th anniversary,https://para-dice.net/,扇町para-dice,
2026/04/10,金,『 THERARY DiSORDER 』,para-dice 17th anniversary,https://para-dice.net/,扇町para-dice,
2026/04/10,金,かりすの死骸,para-dice 17th anniversary,https://para-dice.net/,扇町para-dice,
2026/04/10,金,武田 鳴,para-dice 17th anniversary,https://para-dice.net/,扇町para-dice,
2026/04/10,金,BLONDnewHALF,para-dice 17th anniversary,https://para-dice.net/,扇町para-dice,
2026/04/10,金,氏家草太,para-dice 17th anniversary,https://para-dice.net/,扇町para-dice,
2026/04/11,土,para-dice 17th anniversary,para-dice 17th anniversary,https://para-dice.net/,扇町para-dice,
2026/04/11,土,NovaFlash「星が輝きだしたTOUR」ツアー初日,para-dice 17th anniversary,https://para-dice.net/,扇町para-dice,
2026/04/11,土,NovaFlash,para-dice 17th anniversary,https://para-dice.net/,扇町para-dice,
2026/04/11,土,THE CLOCKWISE,para-dice 17th anniversary,https://para-dice.net/,扇町para-dice,
2026/04/11,土,FLANN ACE,para-dice 17th anniversary,https://para-dice.net/,扇町para-dice,
2026/04/11,土,Running Home Run,para-dice 17th anniversary,https://para-dice.net/,扇町para-dice,
2026/04/11,土,mango.,para-dice 17th anniversary,https://para-dice.net/,扇町para-dice,
2026/04/12,日,para-dice 17th anniversary,para-dice 17th anniversary,https://para-dice.net/,扇町para-dice,
2026/04/12,日,Seiya Isono企画,para-dice 17th anniversary,https://para-dice.net/,扇町para-dice,
2026/04/12,日,『 indulge. 』,para-dice 17th anniversary,https://para-dice.net/,扇町para-dice,
2026/04/12,日,Seiya Isono,para-dice 17th anniversary,https://para-dice.net/,扇町para-dice,
2026/04/12,日,buncho,para-dice 17th anniversary,https://para-dice.net/,扇町para-dice,
2026/04/12,日,The Yellow Plan,para-dice 17th anniversary,https://para-dice.net/,扇町para-dice,
2026/04/13,月,para-dice Anniversary season 17,para-dice Anniversary season 17,https://para-dice.net/,扇町para-dice,
2026/04/13,月,& MAN’s wall painting anniversary season 16,para-dice Anniversary season 17,https://para-dice.net/,扇町para-dice,
2026/04/13,月,MAN presents,para-dice Anniversary season 17,https://para-dice.net/,扇町para-dice,
2026/04/13,月,『 wish you were here 』,para-dice Anniversary season 17,https://para-dice.net/,扇町para-dice,
2026/04/13,月,あなたがここにいてほしい,para-dice Anniversary season 17,https://para-dice.net/,扇町para-dice,
2026/04/13,月,vol.4,para-dice Anniversary season 17,https://para-dice.net/,扇町para-dice,
2026/04/13,月,アカイエ,para-dice Anniversary season 17,https://para-dice.net/,扇町para-dice,
2026/04/13,月,上坂拓海,para-dice Anniversary season 17,https://para-dice.net/,扇町para-dice,
2026/04/13,月,シラハタショウコ,para-dice Anniversary season 17,https://para-dice.net/,扇町para-dice,
2026/04/13,月,中峯翔,para-dice Anniversary season 17,https://para-dice.net/,扇町para-dice,
2026/04/15,水,para-dice 17th anniversary,para-dice 17th anniversary,https://para-dice.net/,扇町para-dice,
2026/04/15,水,きまぐれ☆まゃバンド企画,para-dice 17th anniversary,https://para-dice.net/,扇町para-dice,
2026/04/15,水,『きまぐれ☆パーリィーナイト』,para-dice 17th anniversary,https://para-dice.net/,扇町para-dice,
2026/04/15,水,きまぐれ☆まゃバンド,para-dice 17th anniversary,https://para-dice.net/,扇町para-dice,
2026/04/15,水,DOROTHY,para-dice 17th anniversary,https://para-dice.net/,扇町para-dice,
2026/04/15,水,VANILLA TASTE,para-dice 17th anniversary,https://para-dice.net/,扇町para-dice,
2026/04/15,水,ラウンドヘッド,para-dice 17th anniversary,https://para-dice.net/,扇町para-dice,
2026/04/15,水,KAJO,para-dice 17th anniversary,https://para-dice.net/,扇町para-dice,
2026/04/16,木,para-dice 17th anniversary,,https://para-dice.net/,扇町para-dice,
2026/04/16,木,『扇町シンガー侍~俺の唄を聞いて往け 周年SP』,,https://para-dice.net/,扇町para-dice,
2026/04/16,木,瀧井豊治,,https://para-dice.net/,扇町para-dice,
2026/04/16,木,吾妻光記,,https://para-dice.net/,扇町para-dice,
2026/04/16,木,さけのもか,,https://para-dice.net/,扇町para-dice,
2026/04/16,木,ワタリガラスソロ,,https://para-dice.net/,扇町para-dice,
2026/04/16,木,siva,,https://para-dice.net/,扇町para-dice,
2026/04/16,木,ヘテロズ,,https://para-dice.net/,扇町para-dice,
2026/04/16,木,ズルムケ直樹,,https://para-dice.net/,扇町para-dice,
2026/04/16,木,松延慎吾,,https://para-dice.net/,扇町para-dice,
2026/04/16,木,梅本卓馬,,https://para-dice.net/,扇町para-dice,
2026/04/16,木,石岡幸大,,https://para-dice.net/,扇町para-dice,
2026/04/16,木,jocojo,,https://para-dice.net/,扇町para-dice,
2026/04/16,木,naonari ueda,,https://para-dice.net/,扇町para-dice,
2026/04/16,木,ツネ。,,https://para-dice.net/,扇町para-dice,
2026/04/17,金,para-dice 17th anniversary,豆鉄砲を撃ちまくれ！Season2 vol.1,https://para-dice.net/,扇町para-dice,
2026/04/17,金,豆鉄砲を撃ちまくれ！Season2 vol.1,豆鉄砲を撃ちまくれ！Season2 vol.1,https://para-dice.net/,扇町para-dice,
2026/04/17,金,~㊗️扇町para-dice17周年編~,豆鉄砲を撃ちまくれ！Season2 vol.1,https://para-dice.net/,扇町para-dice,
2026/04/17,金,Obake-Numa2~after the night race ~,豆鉄砲を撃ちまくれ！Season2 vol.1,https://para-dice.net/,扇町para-dice,
2026/04/17,金,バンド喫茶,豆鉄砲を撃ちまくれ！Season2 vol.1,https://para-dice.net/,扇町para-dice,
2026/04/17,金,torobi,豆鉄砲を撃ちまくれ！Season2 vol.1,https://para-dice.net/,扇町para-dice,
2026/04/17,金,neke,豆鉄砲を撃ちまくれ！Season2 vol.1,https://para-dice.net/,扇町para-dice,
2026/04/18,土,扇町para-dice17周年ANIKI BAND企画,扇町para-dice17周年ANIKI BAND企画,https://para-dice.net/,扇町para-dice,
2026/04/18,土,"「Rolling, Now」",扇町para-dice17周年ANIKI BAND企画,https://para-dice.net/,扇町para-dice,
2026/04/18,土,ANIKI BAND CUSTOM,扇町para-dice17周年ANIKI BAND企画,https://para-dice.net/,扇町para-dice,
2026/04/18,土,mophing people,扇町para-dice17周年ANIKI BAND企画,https://para-dice.net/,扇町para-dice,
2026/04/18,土,SUIREN,扇町para-dice17周年ANIKI BAND企画,https://para-dice.net/,扇町para-dice,
2026/04/18,土,ザ☆ツイてるズ,扇町para-dice17周年ANIKI BAND企画,https://para-dice.net/,扇町para-dice,
2026/04/18,土,村上“アッシュ”篤史,扇町para-dice17周年ANIKI BAND企画,https://para-dice.net/,扇町para-dice,
2026/04/18,土,ANEKI BAND,扇町para-dice17周年ANIKI BAND企画,https://para-dice.net/,扇町para-dice,
2026/04/19,日,para-dice 17th anniversary,para-dice 17th anniversary,https://para-dice.net/,扇町para-dice,
2026/04/19,日,BRODY企画,para-dice 17th anniversary,https://para-dice.net/,扇町para-dice,
2026/04/19,日,「Burnin'  vol.2」,para-dice 17th anniversary,https://para-dice.net/,扇町para-dice,
2026/04/19,日,BRODY,para-dice 17th anniversary,https://para-dice.net/,扇町para-dice,
2026/04/19,日,カミナリボルト,para-dice 17th anniversary,https://para-dice.net/,扇町para-dice,
2026/04/19,日,京極堂,para-dice 17th anniversary,https://para-dice.net/,扇町para-dice,
2026/04/19,日,THE FREE'Z,para-dice 17th anniversary,https://para-dice.net/,扇町para-dice,
2026/04/20,月,para-dice 17th anniversary,para-dice 17th anniversary,https://para-dice.net/,扇町para-dice,
2026/04/20,月,『 TOO TOUGH TO DIE 』,para-dice 17th anniversary,https://para-dice.net/,扇町para-dice,
2026/04/20,月,〜ジャスティス高校入学式〜,para-dice 17th anniversary,https://para-dice.net/,扇町para-dice,
2026/04/20,月,胸ぐら掴む・はなす,para-dice 17th anniversary,https://para-dice.net/,扇町para-dice,
2026/04/20,月,カキク,para-dice 17th anniversary,https://para-dice.net/,扇町para-dice,
2026/04/20,月,アクセル,para-dice 17th anniversary,https://para-dice.net/,扇町para-dice,
2026/04/20,月,ドスコイまんぼう,para-dice 17th anniversary,https://para-dice.net/,扇町para-dice,
2026/04/20,月,METAL JUSTICE,para-dice 17th anniversary,https://para-dice.net/,扇町para-dice,
2026/04/20,月,DJ naonari ueda,para-dice 17th anniversary,https://para-dice.net/,扇町para-dice,
2026/04/20,月,dododrum,para-dice 17th anniversary,https://para-dice.net/,扇町para-dice,
2026/04/20,月,牧野渚,para-dice 17th anniversary,https://para-dice.net/,扇町para-dice,
2026/04/20,月,あっきん,para-dice 17th anniversary,https://para-dice.net/,扇町para-dice,
2026/04/20,月,jack,para-dice 17th anniversary,https://para-dice.net/,扇町para-dice,
2026/04/20,月,オガサワラ・ヨハン・ヒロユキ,para-dice 17th anniversary,https://para-dice.net/,扇町para-dice,
2026/04/20,月,KxOxTxA,para-dice 17th anniversary,https://para-dice.net/,扇町para-dice,
2026/04/20,月,DJ野生のマッツォ,para-dice 17th anniversary,https://para-dice.net/,扇町para-dice,
2026/04/20,月,デス声,para-dice 17th anniversary,https://para-dice.net/,扇町para-dice,
2026/04/20,月,星ひでき,para-dice 17th anniversary,https://para-dice.net/,扇町para-dice,
2026/04/20,月,リュウa.k.aやんでぃ,para-dice 17th anniversary,https://para-dice.net/,扇町para-dice,
2026/04/20,月,and Special DJ Mr. X,para-dice 17th anniversary,https://para-dice.net/,扇町para-dice,
2026/04/20,月,FOOD 居酒屋げっちゃん,para-dice 17th anniversary,https://para-dice.net/,扇町para-dice,
2026/04/21,火,para-dice 17th anniversary,para-dice 17th anniversary,https://para-dice.net/,扇町para-dice,
2026/04/21,火,『 Cherry blossom 』,para-dice 17th anniversary,https://para-dice.net/,扇町para-dice,
2026/04/21,火,長濱礼香Band Sets,para-dice 17th anniversary,https://para-dice.net/,扇町para-dice,
2026/04/21,火,松倉如子,para-dice 17th anniversary,https://para-dice.net/,扇町para-dice,
2026/04/21,火,jocojo not solo,para-dice 17th anniversary,https://para-dice.net/,扇町para-dice,
2026/04/23,木,para-dice 17th anniversary,para-dice 17th anniversary,https://para-dice.net/,扇町para-dice,
2026/04/23,木,Patrick&Patricia ONE MAN LIVE,para-dice 17th anniversary,https://para-dice.net/,扇町para-dice,
2026/04/23,木,パトパト学園 vol.2〜春の学力試験編〜,para-dice 17th anniversary,https://para-dice.net/,扇町para-dice,
2026/04/23,木,予鈴19:00,para-dice 17th anniversary,https://para-dice.net/,扇町para-dice,
2026/04/23,木,始業19:30,para-dice 17th anniversary,https://para-dice.net/,扇町para-dice,
2026/04/24,金,赤いアフロ × asano raincoat presents,赤いアフロ × asano raincoat presents,https://para-dice.net/,扇町para-dice,
2026/04/24,金,SUKANPIN NIGHT 〜タイマンブルース編〜,赤いアフロ × asano raincoat presents,https://para-dice.net/,扇町para-dice,
2026/04/24,金,Acoいアフロ,赤いアフロ × asano raincoat presents,https://para-dice.net/,扇町para-dice,
2026/04/24,金,acono raincoastic,赤いアフロ × asano raincoat presents,https://para-dice.net/,扇町para-dice,
2026/04/25,土,Mrs.PoohScratchLove Presents,Mrs.PoohScratchLove Presents,https://para-dice.net/,扇町para-dice,
2026/04/25,土,〜para-dice 17th anniversary party!!〜,Mrs.PoohScratchLove Presents,https://para-dice.net/,扇町para-dice,
2026/04/25,土,Mrs.PoohScratchLove,Mrs.PoohScratchLove Presents,https://para-dice.net/,扇町para-dice,
2026/04/25,土,ジョズエ,Mrs.PoohScratchLove Presents,https://para-dice.net/,扇町para-dice,
2026/04/25,土,ザ・シックスブリッツ,Mrs.PoohScratchLove Presents,https://para-dice.net/,扇町para-dice,
2026/04/25,土,水、走る,Mrs.PoohScratchLove Presents,https://para-dice.net/,扇町para-dice,
2026/04/25,土,FOOD 堕楽暮,Mrs.PoohScratchLove Presents,https://para-dice.net/,扇町para-dice,
2026/04/26,日,para-dice 17th Anniversary,DooDeeCaa,https://para-dice.net/,扇町para-dice,
2026/04/26,日,DooDeeCaa 1st EP“Parallax Echoes”,DooDeeCaa,https://para-dice.net/,扇町para-dice,
2026/04/26,日,リリースツアー,DooDeeCaa,https://para-dice.net/,扇町para-dice,
2026/04/26,日,DooDeeCaa,DooDeeCaa,https://para-dice.net/,扇町para-dice,
2026/04/26,日,SUBLIMITY,DooDeeCaa,https://para-dice.net/,扇町para-dice,
2026/04/26,日,E.S.S UNIT,DooDeeCaa,https://para-dice.net/,扇町para-dice,
2026/04/26,日,CONAPT IN SISCO,DooDeeCaa,https://para-dice.net/,扇町para-dice,
2026/04/26,日,DJ スミダトモヨシ,DooDeeCaa,https://para-dice.net/,扇町para-dice,
2026/04/28,火,para-dice 17th anniversary,『 GOLD EXPERIENCE 』,https://para-dice.net/,扇町para-dice,
2026/04/28,火,『 GOLD EXPERIENCE 』,『 GOLD EXPERIENCE 』,https://para-dice.net/,扇町para-dice,
2026/04/28,火,LADY FLASH,『 GOLD EXPERIENCE 』,https://para-dice.net/,扇町para-dice,
2026/04/28,火,NeeU,『 GOLD EXPERIENCE 』,https://para-dice.net/,扇町para-dice,
2026/04/28,火,満月,『 GOLD EXPERIENCE 』,https://para-dice.net/,扇町para-dice,
2026/04/28,火,TOKIMEKI☆JAMBOJAMB,『 GOLD EXPERIENCE 』,https://para-dice.net/,扇町para-dice,
2026/04/29,水祝,para-dice 17th anniversary,para-dice 17th anniversary,https://para-dice.net/,扇町para-dice,
2026/04/29,水祝,雨市ワンマン,para-dice 17th anniversary,https://para-dice.net/,扇町para-dice,
2026/04/30,木,para-dice 17th anniversary,『 17周年月間最終日 』,https://para-dice.net/,扇町para-dice,
2026/04/30,木,『 17周年月間最終日 』,『 17周年月間最終日 』,https://para-dice.net/,扇町para-dice,
2026/04/30,木,オガサワラヒロユキグループ:CUE,『 17周年月間最終日 』,https://para-dice.net/,扇町para-dice,
2026/04/30,木,立てる,『 17周年月間最終日 』,https://para-dice.net/,扇町para-dice,
2026/04/30,木,The Folking Poors,『 17周年月間最終日 』,https://para-dice.net/,扇町para-dice,
2026/04/30,木,FOOD : 喫茶室ラハト,『 17周年月間最終日 』,https://para-dice.net/,扇町para-dice,
2026/05/01,金,para-dice17周年後夜祭,para-dice17周年後夜祭,https://para-dice.net/,扇町para-dice,
2026/05/01,金,蟻人企画,para-dice17周年後夜祭,https://para-dice.net/,扇町para-dice,
2026/05/01,金,『 照タイ夢 』,para-dice17周年後夜祭,https://para-dice.net/,扇町para-dice,
2026/05/01,金,蟻人,para-dice17周年後夜祭,https://para-dice.net/,扇町para-dice,
2026/05/01,金,キツネバーレスク,para-dice17周年後夜祭,https://para-dice.net/,扇町para-dice,
2026/05/01,金,天麻音 ひぃ☆,para-dice17周年後夜祭,https://para-dice.net/,扇町para-dice,
2026/05/01,金,エチュバリア,para-dice17周年後夜祭,https://para-dice.net/,扇町para-dice,
2026/05/01,金,ぶっと美☆BYRDS,para-dice17周年後夜祭,https://para-dice.net/,扇町para-dice,
2026/05/01,金,斉藤めい,para-dice17周年後夜祭,https://para-dice.net/,扇町para-dice,
2026/05/02,土,ろうほう,( ) / ろうほう / 蛍 / carrel bites,https://para-dice.net/,扇町para-dice,
2026/05/02,土,蛍,( ) / ろうほう / 蛍 / carrel bites,https://para-dice.net/,扇町para-dice,
2026/05/02,土,carrel bites and more...,( ) / ろうほう / 蛍 / carrel bites,https://para-dice.net/,扇町para-dice,
2026/05/03,日,para-dice企画,para-dice企画,https://para-dice.net/,扇町para-dice,
2026/05/03,日,『 KALEIDOSCOPE 』,para-dice企画,https://para-dice.net/,扇町para-dice,
2026/05/03,日,magicfrog,para-dice企画,https://para-dice.net/,扇町para-dice,
2026/05/03,日,Arty,para-dice企画,https://para-dice.net/,扇町para-dice,
2026/05/03,日,藤原弘尭,para-dice企画,https://para-dice.net/,扇町para-dice,
2026/05/03,日,the uoza,para-dice企画,https://para-dice.net/,扇町para-dice,
2026/05/03,日,進藤宏希,para-dice企画,https://para-dice.net/,扇町para-dice,
2026/05/03,日,21:00 ～ 21:35 サイケデリックハートブラボーズ,para-dice企画,https://para-dice.net/,扇町para-dice,
2026/05/04,月祝,para-dice企画,para-dice企画,https://para-dice.net/,扇町para-dice,
2026/05/04,月祝,『 FROM THE BASEMENT 』,para-dice企画,https://para-dice.net/,扇町para-dice,
2026/05/04,月祝,Lindentraum,para-dice企画,https://para-dice.net/,扇町para-dice,
2026/05/04,月祝,ダイバーキリン,para-dice企画,https://para-dice.net/,扇町para-dice,
2026/05/04,月祝,黒木サトシ,para-dice企画,https://para-dice.net/,扇町para-dice,
2026/05/04,月祝,霜降り猫,para-dice企画,https://para-dice.net/,扇町para-dice,
2026/05/04,月祝,crawl,para-dice企画,https://para-dice.net/,扇町para-dice,
2026/05/05,火祝,para-dice企画,para-dice企画,https://para-dice.net/,扇町para-dice,
2026/05/05,火祝,『 僕の扇町を壊すな 』,para-dice企画,https://para-dice.net/,扇町para-dice,
2026/05/05,火祝,dirky,para-dice企画,https://para-dice.net/,扇町para-dice,
2026/05/05,火祝,Dr.snaxx,para-dice企画,https://para-dice.net/,扇町para-dice,
2026/05/05,火祝,BLONDnewHALF,para-dice企画,https://para-dice.net/,扇町para-dice,
2026/05/05,火祝,peach Fuzz,para-dice企画,https://para-dice.net/,扇町para-dice,
2026/05/06,水祝,サコーンズ,OPEN 15:30,https://para-dice.net/,扇町para-dice,
2026/05/06,水祝,Atlas Youth,OPEN 15:30,https://para-dice.net/,扇町para-dice,
2026/05/06,水祝,タイラキタ,OPEN 15:30,https://para-dice.net/,扇町para-dice,
2026/05/06,水祝,ネル,OPEN 15:30,https://para-dice.net/,扇町para-dice,
2026/05/06,水祝,fuzzy stereo,OPEN 15:30,https://para-dice.net/,扇町para-dice,
2026/05/08,金,終ノ住処,終ノ住処 / CURIOUS / minä minä / ハヅメ / イマイカリクニヒコ,https://para-dice.net/,扇町para-dice,
2026/05/08,金,CURIOUS,終ノ住処 / CURIOUS / minä minä / ハヅメ / イマイカリクニヒコ,https://para-dice.net/,扇町para-dice,
2026/05/08,金,minä minä,終ノ住処 / CURIOUS / minä minä / ハヅメ / イマイカリクニヒコ,https://para-dice.net/,扇町para-dice,
2026/05/08,金,ハヅメ,終ノ住処 / CURIOUS / minä minä / ハヅメ / イマイカリクニヒコ,https://para-dice.net/,扇町para-dice,
2026/05/08,金,イマイカリクニヒコ and more...,終ノ住処 / CURIOUS / minä minä / ハヅメ / イマイカリクニヒコ,https://para-dice.net/,扇町para-dice,
2026/05/09,土,重役出勤,OPEN 17:00,https://para-dice.net/,扇町para-dice,
2026/05/09,土,Refflucks,OPEN 17:00,https://para-dice.net/,扇町para-dice,
2026/05/09,土,³,OPEN 17:00,https://para-dice.net/,扇町para-dice,
2026/05/09,土,PPP,OPEN 17:00,https://para-dice.net/,扇町para-dice,
2026/05/09,土,ワービー＆サービー,OPEN 17:00,https://para-dice.net/,扇町para-dice,
2026/05/09,土,THE 王様クジラ,OPEN 17:00,https://para-dice.net/,扇町para-dice,
2026/05/10,日,CODE☆BLUE,OPEN 17:00,https://para-dice.net/,扇町para-dice,
2026/05/10,日,ヘテロズ,OPEN 17:00,https://para-dice.net/,扇町para-dice,
2026/05/10,日,Redboot2,OPEN 17:00,https://para-dice.net/,扇町para-dice,
2026/05/10,日,ふむふむズ,OPEN 17:00,https://para-dice.net/,扇町para-dice,
2026/05/10,日,naonari ueda,OPEN 17:00,https://para-dice.net/,扇町para-dice,
2026/05/10,日,THE UNLEASHED,OPEN 17:00,https://para-dice.net/,扇町para-dice,
2026/05/13,水,愛犬課,OPEN 18:00,https://para-dice.net/,扇町para-dice,
2026/05/13,水,松延慎吾,OPEN 18:00,https://para-dice.net/,扇町para-dice,
2026/05/13,水,ベンチウォーマーズ,OPEN 18:00,https://para-dice.net/,扇町para-dice,
2026/05/13,水,コノカーン,OPEN 18:00,https://para-dice.net/,扇町para-dice,
2026/05/13,水,maru,OPEN 18:00,https://para-dice.net/,扇町para-dice,
2026/05/13,水,ナカノノナカノナカノ,OPEN 18:00,https://para-dice.net/,扇町para-dice,
2026/05/14,木,海組ふたり,OPEN 18:30,https://para-dice.net/,扇町para-dice,
2026/05/14,木,ラウンドヘッド,OPEN 18:30,https://para-dice.net/,扇町para-dice,
2026/05/14,木,青い紫陽花,OPEN 18:30,https://para-dice.net/,扇町para-dice,
2026/05/14,木,テコタロウ,OPEN 18:30,https://para-dice.net/,扇町para-dice,
2026/05/14,木,ハンバーグオムレツ,OPEN 18:30,https://para-dice.net/,扇町para-dice,
2026/05/15,金,Carnival Floor,OPEN 19:00,https://para-dice.net/,扇町para-dice,
2026/05/15,金,NEAREQUAL,OPEN 19:00,https://para-dice.net/,扇町para-dice,
2026/05/15,金,the blue sundays,OPEN 19:00,https://para-dice.net/,扇町para-dice,
2026/05/15,金,madohi,OPEN 19:00,https://para-dice.net/,扇町para-dice,
2026/05/16,土,村瀬裕子 ONE MAN LIVE,村瀬裕子 ONE MAN LIVE,https://para-dice.net/,扇町para-dice,
2026/05/17,日,THE LASTNEWS,OPEN 17:00,https://para-dice.net/,扇町para-dice,
2026/05/17,日,BOMBJACK,OPEN 17:00,https://para-dice.net/,扇町para-dice,
2026/05/17,日,ミズオチアンダスタンディング,OPEN 17:00,https://para-dice.net/,扇町para-dice,
2026/05/17,日,鈴木知文×マコト,OPEN 17:00,https://para-dice.net/,扇町para-dice,
2026/05/17,日,ザ☆ツイてるズ,OPEN 17:00,https://para-dice.net/,扇町para-dice,
2026/05/17,日,THE CHOPPMAN,OPEN 17:00,https://para-dice.net/,扇町para-dice,
2026/05/19,火,MCSHIGE Rockingchair,MCSHIGE Rockingchair / 梅本卓馬 / mango. / Triad / ロンリーズ,https://para-dice.net/,扇町para-dice,
2026/05/19,火,梅本卓馬,MCSHIGE Rockingchair / 梅本卓馬 / mango. / Triad / ロンリーズ,https://para-dice.net/,扇町para-dice,
2026/05/19,火,mango.,MCSHIGE Rockingchair / 梅本卓馬 / mango. / Triad / ロンリーズ,https://para-dice.net/,扇町para-dice,
2026/05/19,火,Triad,MCSHIGE Rockingchair / 梅本卓馬 / mango. / Triad / ロンリーズ,https://para-dice.net/,扇町para-dice,
2026/05/19,火,ロンリーズ,MCSHIGE Rockingchair / 梅本卓馬 / mango. / Triad / ロンリーズ,https://para-dice.net/,扇町para-dice,
2026/05/20,水,山本 弘,OPEN 18:00,https://para-dice.net/,扇町para-dice,
2026/05/20,水,異,OPEN 18:00,https://para-dice.net/,扇町para-dice,
2026/05/20,水,虚舟 dub experience,OPEN 18:00,https://para-dice.net/,扇町para-dice,
2026/05/20,水,灰原正之,OPEN 18:00,https://para-dice.net/,扇町para-dice,
2026/05/20,水,イタミトクニン+Rie Lee+柾,OPEN 18:00,https://para-dice.net/,扇町para-dice,
2026/05/20,水,ズルムケ直樹,OPEN 18:00,https://para-dice.net/,扇町para-dice,
2026/05/21,木,para-dice企画,『 Rose of Sharon 』,https://para-dice.net/,扇町para-dice,
2026/05/21,木,『 Rose of Sharon 』,『 Rose of Sharon 』,https://para-dice.net/,扇町para-dice,
2026/05/21,木,ツネ。,『 Rose of Sharon 』,https://para-dice.net/,扇町para-dice,
2026/05/21,木,アコギの国のチェルシー,『 Rose of Sharon 』,https://para-dice.net/,扇町para-dice,
2026/05/21,木,文雨伽奈,『 Rose of Sharon 』,https://para-dice.net/,扇町para-dice,
2026/05/21,木,TaKeshi,『 Rose of Sharon 』,https://para-dice.net/,扇町para-dice,
2026/05/21,木,望月あづさ,『 Rose of Sharon 』,https://para-dice.net/,扇町para-dice,
2026/05/22,金,扇町para-dice,扇町para-dice,https://para-dice.net/,扇町para-dice,
2026/05/22,金,『 GOLD EXPERIENCE 』,扇町para-dice,https://para-dice.net/,扇町para-dice,
2026/05/22,金,教育,扇町para-dice,https://para-dice.net/,扇町para-dice,
2026/05/22,金,JACKSTRAW,扇町para-dice,https://para-dice.net/,扇町para-dice,
2026/05/22,金,HAMAYANEN,扇町para-dice,https://para-dice.net/,扇町para-dice,
2026/05/22,金,かとりょー,扇町para-dice,https://para-dice.net/,扇町para-dice,
2026/05/22,金,dins,扇町para-dice,https://para-dice.net/,扇町para-dice,
2026/05/22,金,UMMO,扇町para-dice,https://para-dice.net/,扇町para-dice,
2026/05/23,土,para-dice企画,para-dice企画,https://para-dice.net/,扇町para-dice,
2026/05/23,土,『 beyond 』,para-dice企画,https://para-dice.net/,扇町para-dice,
2026/05/23,土,NUILL,para-dice企画,https://para-dice.net/,扇町para-dice,
2026/05/23,土,NOISECONCRETEx3CHI5+VJ HIDE,para-dice企画,https://para-dice.net/,扇町para-dice,
2026/05/23,土,Merry Ghosts,para-dice企画,https://para-dice.net/,扇町para-dice,
2026/05/23,土,poetry of torch and more...,para-dice企画,https://para-dice.net/,扇町para-dice,
2026/05/24,日,堀川サタデーズ,OPEN 17:30,https://para-dice.net/,扇町para-dice,
2026/05/24,日,ロクゲンサン,OPEN 17:30,https://para-dice.net/,扇町para-dice,
2026/05/24,日,arbor on the ridgeway,OPEN 17:30,https://para-dice.net/,扇町para-dice,
2026/05/24,日,リバプールズ,OPEN 17:30,https://para-dice.net/,扇町para-dice,
2026/05/24,日,THE SUNBURST,OPEN 17:30,https://para-dice.net/,扇町para-dice,
2026/05/25,月,ホシノコウスケ,ホシノコウスケ / 春田玄 / につりい / Rentaro / dummyclub,https://para-dice.net/,扇町para-dice,
2026/05/25,月,春田玄,ホシノコウスケ / 春田玄 / につりい / Rentaro / dummyclub,https://para-dice.net/,扇町para-dice,
2026/05/25,月,につりい,ホシノコウスケ / 春田玄 / につりい / Rentaro / dummyclub,https://para-dice.net/,扇町para-dice,
2026/05/25,月,Rentaro,ホシノコウスケ / 春田玄 / につりい / Rentaro / dummyclub,https://para-dice.net/,扇町para-dice,
2026/05/25,月,dummyclub,ホシノコウスケ / 春田玄 / につりい / Rentaro / dummyclub,https://para-dice.net/,扇町para-dice,
2026/05/26,火,para-dice企画,para-dice企画,https://para-dice.net/,扇町para-dice,
2026/05/26,火,FIGHT CLUB,para-dice企画,https://para-dice.net/,扇町para-dice,
2026/05/26,火,モカリン,para-dice企画,https://para-dice.net/,扇町para-dice,
2026/05/26,火,木村三郎,para-dice企画,https://para-dice.net/,扇町para-dice,
2026/05/26,火,みのようへいと明明後日 and more...,para-dice企画,https://para-dice.net/,扇町para-dice,
2026/05/28,木,para-dice企画,para-dice企画,https://para-dice.net/,扇町para-dice,
2026/05/28,木,『』,para-dice企画,https://para-dice.net/,扇町para-dice,
2026/05/28,木,Jiro Matatabi,para-dice企画,https://para-dice.net/,扇町para-dice,
2026/05/28,木,DietGRRRL,para-dice企画,https://para-dice.net/,扇町para-dice,
2026/05/28,木,二十人,para-dice企画,https://para-dice.net/,扇町para-dice,
2026/05/28,木,SUSPIX,para-dice企画,https://para-dice.net/,扇町para-dice,
2026/05/28,木,Qu,para-dice企画,https://para-dice.net/,扇町para-dice,
2026/05/29,金,NovaFlash,NovaFlash / GUMLEON / JUNK HEARTS /ハシビロコウズ,https://para-dice.net/,扇町para-dice,
2026/05/29,金,GUMLEON,NovaFlash / GUMLEON / JUNK HEARTS /ハシビロコウズ,https://para-dice.net/,扇町para-dice,
2026/05/29,金,JUNK HEARTS,NovaFlash / GUMLEON / JUNK HEARTS /ハシビロコウズ,https://para-dice.net/,扇町para-dice,
2026/05/29,金,ハシビロコウズ and more...,NovaFlash / GUMLEON / JUNK HEARTS /ハシビロコウズ,https://para-dice.net/,扇町para-dice,
2026/05/30,土,16ビートはやおpre.,16ビートはやおpre.,https://para-dice.net/,扇町para-dice,
2026/05/30,土,神々のゴライコーズ,16ビートはやおpre.,https://para-dice.net/,扇町para-dice,
2026/05/30,土,ZOOZ,16ビートはやおpre.,https://para-dice.net/,扇町para-dice,
2026/05/30,土,STRAT 18:00,16ビートはやおpre.,https://para-dice.net/,扇町para-dice,
2026/05/31,日,NTGSS,OPEN 16:30,https://para-dice.net/,扇町para-dice,
2026/05/31,日,unDEADQ,OPEN 16:30,https://para-dice.net/,扇町para-dice,
2026/05/31,日,頷けば灰,OPEN 16:30,https://para-dice.net/,扇町para-dice,
2026/05/31,日,FRUITSinJELLY,OPEN 16:30,https://para-dice.net/,扇町para-dice,
2026/05/31,日,怪我童子,OPEN 16:30,https://para-dice.net/,扇町para-dice,
2026/05/31,日,the dominant curve,OPEN 16:30,https://para-dice.net/,扇町para-dice,
2026/06/01,月,まさき,まさき / 武下直樹 / CHeol-Hong / netaro51 / こもも / アステリズム×369beats,https://para-dice.net/,扇町para-dice,
2026/06/01,月,武下直樹,まさき / 武下直樹 / CHeol-Hong / netaro51 / こもも / アステリズム×369beats,https://para-dice.net/,扇町para-dice,
2026/06/01,月,CHeol-Hong,まさき / 武下直樹 / CHeol-Hong / netaro51 / こもも / アステリズム×369beats,https://para-dice.net/,扇町para-dice,
2026/06/01,月,netaro51,まさき / 武下直樹 / CHeol-Hong / netaro51 / こもも / アステリズム×369beats,https://para-dice.net/,扇町para-dice,
2026/06/01,月,こもも,まさき / 武下直樹 / CHeol-Hong / netaro51 / こもも / アステリズム×369beats,https://para-dice.net/,扇町para-dice,
2026/06/01,月,アステリズム×369beats,まさき / 武下直樹 / CHeol-Hong / netaro51 / こもも / アステリズム×369beats,https://para-dice.net/,扇町para-dice,
2026/06/03,水,Running Home Run,Running Home Run / エチュバリア / 生まれたての鯨 / 谷口雅史,https://para-dice.net/,扇町para-dice,
2026/06/03,水,エチュバリア,Running Home Run / エチュバリア / 生まれたての鯨 / 谷口雅史,https://para-dice.net/,扇町para-dice,
2026/06/03,水,生まれたての鯨,Running Home Run / エチュバリア / 生まれたての鯨 / 谷口雅史,https://para-dice.net/,扇町para-dice,
2026/06/03,水,谷口雅史 and more...,Running Home Run / エチュバリア / 生まれたての鯨 / 谷口雅史,https://para-dice.net/,扇町para-dice,
2026/06/04,木,Mo’ Mango,OPEN 18:00,https://para-dice.net/,扇町para-dice,
2026/06/04,木,昂大,OPEN 18:00,https://para-dice.net/,扇町para-dice,
2026/06/04,木,さんぼんせん,OPEN 18:00,https://para-dice.net/,扇町para-dice,
2026/06/04,木,おなじ話,OPEN 18:00,https://para-dice.net/,扇町para-dice,
2026/06/04,木,ベリーバッドアラモード,OPEN 18:00,https://para-dice.net/,扇町para-dice,
2026/06/04,木,自転車SO業舎,OPEN 18:00,https://para-dice.net/,扇町para-dice,
2026/06/05,金,lacina,lacina / 木村ただし(ハニカムズ) / オガサワラヒロユキ / ジェットTAMURA / 七歩,https://para-dice.net/,扇町para-dice,
2026/06/05,金,木村ただし,lacina / 木村ただし(ハニカムズ) / オガサワラヒロユキ / ジェットTAMURA / 七歩,https://para-dice.net/,扇町para-dice,
2026/06/05,金,オガサワラヒロユキ,lacina / 木村ただし(ハニカムズ) / オガサワラヒロユキ / ジェットTAMURA / 七歩,https://para-dice.net/,扇町para-dice,
2026/06/05,金,ジェットTAMURA,lacina / 木村ただし(ハニカムズ) / オガサワラヒロユキ / ジェットTAMURA / 七歩,https://para-dice.net/,扇町para-dice,
2026/06/05,金,七歩 and more...,lacina / 木村ただし(ハニカムズ) / オガサワラヒロユキ / ジェットTAMURA / 七歩,https://para-dice.net/,扇町para-dice,
2026/06/06,土,GREEN MILK FROM THE PLANET ORANGE,GREEN MILK FROM THE PLANET ORANGE,https://para-dice.net/,扇町para-dice,
2026/06/06,土,25th ANNIVERSARY ONEMAN SHOW,GREEN MILK FROM THE PLANET ORANGE,https://para-dice.net/,扇町para-dice,
2026/06/09,火,二宮大輔とけうけげん,二宮大輔とけうけげん / おだゆき / 西山昂志(GOLDFISH ADVENTURE) / 瓶底いずこ / 鴨しんご,https://para-dice.net/,扇町para-dice,
2026/06/09,火,おだゆき,二宮大輔とけうけげん / おだゆき / 西山昂志(GOLDFISH ADVENTURE) / 瓶底いずこ / 鴨しんご,https://para-dice.net/,扇町para-dice,
2026/06/09,火,西山昂志,二宮大輔とけうけげん / おだゆき / 西山昂志(GOLDFISH ADVENTURE) / 瓶底いずこ / 鴨しんご,https://para-dice.net/,扇町para-dice,
2026/06/09,火,瓶底いずこ,二宮大輔とけうけげん / おだゆき / 西山昂志(GOLDFISH ADVENTURE) / 瓶底いずこ / 鴨しんご,https://para-dice.net/,扇町para-dice,
2026/06/09,火,鴨しんご,二宮大輔とけうけげん / おだゆき / 西山昂志(GOLDFISH ADVENTURE) / 瓶底いずこ / 鴨しんご,https://para-dice.net/,扇町para-dice,
2026/06/12,金,para-dice企画,para-dice企画,https://para-dice.net/,扇町para-dice,
2026/06/12,金,『 LFO 』,para-dice企画,https://para-dice.net/,扇町para-dice,
2026/06/12,金,rukaohta,para-dice企画,https://para-dice.net/,扇町para-dice,
2026/06/12,金,Kawandae Park+宮本隆+イタミトクニン,para-dice企画,https://para-dice.net/,扇町para-dice,
2026/06/12,金,Kohei Okutani,para-dice企画,https://para-dice.net/,扇町para-dice,
2026/06/12,金,nehan,para-dice企画,https://para-dice.net/,扇町para-dice,
2026/06/12,金,yoake no seirei,para-dice企画,https://para-dice.net/,扇町para-dice,
2026/06/13,土,Gecko Cult Cartel,Gecko Cult Cartel / Phosfalls / FUDGE ALL THERE / スカンピンエクスペリエンス,https://para-dice.net/,扇町para-dice,
2026/06/13,土,Phosfalls,Gecko Cult Cartel / Phosfalls / FUDGE ALL THERE / スカンピンエクスペリエンス,https://para-dice.net/,扇町para-dice,
2026/06/13,土,FUDGE ALL THERE,Gecko Cult Cartel / Phosfalls / FUDGE ALL THERE / スカンピンエクスペリエンス,https://para-dice.net/,扇町para-dice,
2026/06/13,土,スカンピンエクスペリエンス and more...,Gecko Cult Cartel / Phosfalls / FUDGE ALL THERE / スカンピンエクスペリエンス,https://para-dice.net/,扇町para-dice,
2026/06/14,日,BRODY,BRODY / nnug / Redboot2 / the dungarees / Velials,https://para-dice.net/,扇町para-dice,
2026/06/14,日,nnug,BRODY / nnug / Redboot2 / the dungarees / Velials,https://para-dice.net/,扇町para-dice,
2026/06/14,日,Redboot2,BRODY / nnug / Redboot2 / the dungarees / Velials,https://para-dice.net/,扇町para-dice,
2026/06/14,日,the dungarees,BRODY / nnug / Redboot2 / the dungarees / Velials,https://para-dice.net/,扇町para-dice,
2026/06/14,日,Velials and more...,BRODY / nnug / Redboot2 / the dungarees / Velials,https://para-dice.net/,扇町para-dice,
2026/06/16,火,ザ・チェーンソーズ,ザ・チェーンソーズ /.河口績（トイレの穴子さん） / スモーキンデスペラード / YAKIMON kids / ピノキヲ,https://para-dice.net/,扇町para-dice,
2026/06/16,火,.河口績,ザ・チェーンソーズ /.河口績（トイレの穴子さん） / スモーキンデスペラード / YAKIMON kids / ピノキヲ,https://para-dice.net/,扇町para-dice,
2026/06/16,火,スモーキンデスペラード,ザ・チェーンソーズ /.河口績（トイレの穴子さん） / スモーキンデスペラード / YAKIMON kids / ピノキヲ,https://para-dice.net/,扇町para-dice,
2026/06/16,火,YAKIMON kids,ザ・チェーンソーズ /.河口績（トイレの穴子さん） / スモーキンデスペラード / YAKIMON kids / ピノキヲ,https://para-dice.net/,扇町para-dice,
2026/06/16,火,ピノキヲ,ザ・チェーンソーズ /.河口績（トイレの穴子さん） / スモーキンデスペラード / YAKIMON kids / ピノキヲ,https://para-dice.net/,扇町para-dice,
2026/06/17,水,そうごじた,そうごじた / KAREN カリウタ / ごま / エレベーターズ / ホンジョウ,https://para-dice.net/,扇町para-dice,
2026/06/17,水,KAREN カリウタ,そうごじた / KAREN カリウタ / ごま / エレベーターズ / ホンジョウ,https://para-dice.net/,扇町para-dice,
2026/06/17,水,ごま,そうごじた / KAREN カリウタ / ごま / エレベーターズ / ホンジョウ,https://para-dice.net/,扇町para-dice,
2026/06/17,水,エレベーターズ,そうごじた / KAREN カリウタ / ごま / エレベーターズ / ホンジョウ,https://para-dice.net/,扇町para-dice,
2026/06/17,水,ホンジョウ,そうごじた / KAREN カリウタ / ごま / エレベーターズ / ホンジョウ,https://para-dice.net/,扇町para-dice,
2026/06/18,木,社領遥樹,社領遥樹 / リリス / 咲那 / ヨギ サネキ / Rie Lee / 松延慎吾,https://para-dice.net/,扇町para-dice,
2026/06/18,木,リリス,社領遥樹 / リリス / 咲那 / ヨギ サネキ / Rie Lee / 松延慎吾,https://para-dice.net/,扇町para-dice,
2026/06/18,木,咲那,社領遥樹 / リリス / 咲那 / ヨギ サネキ / Rie Lee / 松延慎吾,https://para-dice.net/,扇町para-dice,
2026/06/18,木,ヨギ サネキ,社領遥樹 / リリス / 咲那 / ヨギ サネキ / Rie Lee / 松延慎吾,https://para-dice.net/,扇町para-dice,
2026/06/18,木,Rie Lee,社領遥樹 / リリス / 咲那 / ヨギ サネキ / Rie Lee / 松延慎吾,https://para-dice.net/,扇町para-dice,
2026/06/18,木,松延慎吾,社領遥樹 / リリス / 咲那 / ヨギ サネキ / Rie Lee / 松延慎吾,https://para-dice.net/,扇町para-dice,
2026/06/19,金,ここにいるよ杉浦&UV and more...,ここにいるよ杉浦&UV,https://para-dice.net/,扇町para-dice,
2026/06/20,土,WolfSurfPurpleSky,WolfSurfPurpleSky / Yusuke Terauchi (Band set) / Shom,https://para-dice.net/,扇町para-dice,
2026/06/20,土,Yusuke Terauchi,WolfSurfPurpleSky / Yusuke Terauchi (Band set) / Shom,https://para-dice.net/,扇町para-dice,
2026/06/20,土,Shom and more...,WolfSurfPurpleSky / Yusuke Terauchi (Band set) / Shom,https://para-dice.net/,扇町para-dice,
2026/06/21,日,ワタリガラス,ワタリガラス / チキチキデリシャス / ヒヅキシンジ / 砂とテオビオ / ANIKI BAND,https://para-dice.net/,扇町para-dice,
2026/06/21,日,チキチキデリシャス,ワタリガラス / チキチキデリシャス / ヒヅキシンジ / 砂とテオビオ / ANIKI BAND,https://para-dice.net/,扇町para-dice,
2026/06/21,日,ヒヅキシンジ,ワタリガラス / チキチキデリシャス / ヒヅキシンジ / 砂とテオビオ / ANIKI BAND,https://para-dice.net/,扇町para-dice,
2026/06/21,日,砂とテオビオ,ワタリガラス / チキチキデリシャス / ヒヅキシンジ / 砂とテオビオ / ANIKI BAND,https://para-dice.net/,扇町para-dice,
2026/06/21,日,ANIKI BAND and more...,ワタリガラス / チキチキデリシャス / ヒヅキシンジ / 砂とテオビオ / ANIKI BAND,https://para-dice.net/,扇町para-dice,
2026/06/22,月,DooDeeCaa,DooDeeCaa / pechica / サイケデリックハートブラボーズ,https://para-dice.net/,扇町para-dice,
2026/06/22,月,pechica,DooDeeCaa / pechica / サイケデリックハートブラボーズ,https://para-dice.net/,扇町para-dice,
2026/06/22,月,サイケデリックハートブラボーズ and more...,DooDeeCaa / pechica / サイケデリックハートブラボーズ,https://para-dice.net/,扇町para-dice,
2026/06/23,火,歪みの国のチェルシー,歪みの国のチェルシー / ピーター大工原,https://para-dice.net/,扇町para-dice,
2026/06/23,火,ピーター大工原 and more...,歪みの国のチェルシー / ピーター大工原,https://para-dice.net/,扇町para-dice,
2026/06/24,水,河童のヨーコ,河童のヨーコ / フジモトアキツグ,https://para-dice.net/,扇町para-dice,
2026/06/24,水,フジモトアキツグ and more...,河童のヨーコ / フジモトアキツグ,https://para-dice.net/,扇町para-dice,
2026/06/25,木,BEATALONE,BEATALONE / 中村天一 / SUGIYAMA / 中村タカユキ / Rie Lee(p)+アステリズム(poetry reading)+イタミトクニン(ds) / キタ(than),https://para-dice.net/,扇町para-dice,
2026/06/25,木,中村天一,BEATALONE / 中村天一 / SUGIYAMA / 中村タカユキ / Rie Lee(p)+アステリズム(poetry reading)+イタミトクニン(ds) / キタ(than),https://para-dice.net/,扇町para-dice,
2026/06/25,木,SUGIYAMA,BEATALONE / 中村天一 / SUGIYAMA / 中村タカユキ / Rie Lee(p)+アステリズム(poetry reading)+イタミトクニン(ds) / キタ(than),https://para-dice.net/,扇町para-dice,
2026/06/25,木,中村タカユキ,BEATALONE / 中村天一 / SUGIYAMA / 中村タカユキ / Rie Lee(p)+アステリズム(poetry reading)+イタミトクニン(ds) / キタ(than),https://para-dice.net/,扇町para-dice,
2026/06/25,木,Rie Lee+アステリズム+イタミトクニン,BEATALONE / 中村天一 / SUGIYAMA / 中村タカユキ / Rie Lee(p)+アステリズム(poetry reading)+イタミトクニン(ds) / キタ(than),https://para-dice.net/,扇町para-dice,
2026/06/25,木,キタ,BEATALONE / 中村天一 / SUGIYAMA / 中村タカユキ / Rie Lee(p)+アステリズム(poetry reading)+イタミトクニン(ds) / キタ(than),https://para-dice.net/,扇町para-dice,
2026/06/26,金,Paris Death Hilton,Paris Death Hilton / MELTME,https://para-dice.net/,扇町para-dice,
2026/06/26,金,MELTME and more...,Paris Death Hilton / MELTME,https://para-dice.net/,扇町para-dice,
2026/06/28,日,たかまる with Moss,たかまる with Moss / spiral chai / 白夜 / Jamie / 村瀬裕子 / 七色ストリッパー,https://para-dice.net/,扇町para-dice,
2026/06/28,日,spiral chai,たかまる with Moss / spiral chai / 白夜 / Jamie / 村瀬裕子 / 七色ストリッパー,https://para-dice.net/,扇町para-dice,
2026/06/28,日,白夜,たかまる with Moss / spiral chai / 白夜 / Jamie / 村瀬裕子 / 七色ストリッパー,https://para-dice.net/,扇町para-dice,
2026/06/28,日,Jamie,たかまる with Moss / spiral chai / 白夜 / Jamie / 村瀬裕子 / 七色ストリッパー,https://para-dice.net/,扇町para-dice,
2026/06/28,日,村瀬裕子,たかまる with Moss / spiral chai / 白夜 / Jamie / 村瀬裕子 / 七色ストリッパー,https://para-dice.net/,扇町para-dice,
2026/06/28,日,七色ストリッパー,たかまる with Moss / spiral chai / 白夜 / Jamie / 村瀬裕子 / 七色ストリッパー,https://para-dice.net/,扇町para-dice,
2026/04/01,水,寿理,girlstalk SP,http://www.knave.co.jp/schedule/s_2026_04.html,knave,
2026/04/01,水,莉奈,girlstalk SP,http://www.knave.co.jp/schedule/s_2026_04.html,knave,
2026/04/01,水,七.,girlstalk SP,http://www.knave.co.jp/schedule/s_2026_04.html,knave,
2026/04/01,水,奈央,girlstalk SP,http://www.knave.co.jp/schedule/s_2026_04.html,knave,
2026/04/01,水,問)knave06-6535-0691,girlstalk SP,http://www.knave.co.jp/schedule/s_2026_04.html,knave,
2026/04/02,木,milo.,NaturalWoman,http://www.knave.co.jp/schedule/s_2026_04.html,knave,
2026/04/02,木,冬木希,NaturalWoman,http://www.knave.co.jp/schedule/s_2026_04.html,knave,
2026/04/02,木,KURUMI,NaturalWoman,http://www.knave.co.jp/schedule/s_2026_04.html,knave,
2026/04/02,木,yubne.38°c,NaturalWoman,http://www.knave.co.jp/schedule/s_2026_04.html,knave,
2026/04/02,木,問)knave06-6535-0691,NaturalWoman,http://www.knave.co.jp/schedule/s_2026_04.html,knave,
2026/04/03,金,バンドセットOne Man LIVE「Sparkle」,山口華穂,http://www.knave.co.jp/schedule/s_2026_04.html,knave,
2026/04/03,金,山口華穂,山口華穂,http://www.knave.co.jp/schedule/s_2026_04.html,knave,
2026/04/03,金,問)knave06-6535-0691,山口華穂,http://www.knave.co.jp/schedule/s_2026_04.html,knave,
2026/04/04,土,スピカを追って special event〜,〜スプリーガルpre.,http://www.knave.co.jp/schedule/s_2026_04.html,knave,
2026/04/04,土,「スプリーガルを追って」,〜スプリーガルpre.,http://www.knave.co.jp/schedule/s_2026_04.html,knave,
2026/04/04,土,スプリーガル,〜スプリーガルpre.,http://www.knave.co.jp/schedule/s_2026_04.html,knave,
2026/04/04,土,問)knave06-6535-0691,〜スプリーガルpre.,http://www.knave.co.jp/schedule/s_2026_04.html,knave,
2026/04/05,日,りお,Road to Budokan,http://www.knave.co.jp/schedule/s_2026_04.html,knave,
2026/04/05,日,問)knave06-6535-0691,Road to Budokan,http://www.knave.co.jp/schedule/s_2026_04.html,knave,
2026/04/06,月,EQUALIZE,The Red Light,http://www.knave.co.jp/schedule/s_2026_04.html,knave,
2026/04/06,月,280Allergy,The Red Light,http://www.knave.co.jp/schedule/s_2026_04.html,knave,
2026/04/06,月,えせいんてり,The Red Light,http://www.knave.co.jp/schedule/s_2026_04.html,knave,
2026/04/06,月,Immigrant,The Red Light,http://www.knave.co.jp/schedule/s_2026_04.html,knave,
2026/04/06,月,問)knave06-6535-0691,The Red Light,http://www.knave.co.jp/schedule/s_2026_04.html,knave,
2026/04/07,火,tami,NaturalWoman,http://www.knave.co.jp/schedule/s_2026_04.html,knave,
2026/04/07,火,齋明寺麻里愛,NaturalWoman,http://www.knave.co.jp/schedule/s_2026_04.html,knave,
2026/04/07,火,REA,NaturalWoman,http://www.knave.co.jp/schedule/s_2026_04.html,knave,
2026/04/07,火,コデラユウコ,NaturalWoman,http://www.knave.co.jp/schedule/s_2026_04.html,knave,
2026/04/07,火,問)knave06-6535-0691,NaturalWoman,http://www.knave.co.jp/schedule/s_2026_04.html,knave,
2026/04/08,水,KIARA,girlstalk SP,http://www.knave.co.jp/schedule/s_2026_04.html,knave,
2026/04/08,水,Nazuna,girlstalk SP,http://www.knave.co.jp/schedule/s_2026_04.html,knave,
2026/04/08,水,EiMi,girlstalk SP,http://www.knave.co.jp/schedule/s_2026_04.html,knave,
2026/04/08,水,青葉らら,girlstalk SP,http://www.knave.co.jp/schedule/s_2026_04.html,knave,
2026/04/08,水,有村彩杏,girlstalk SP,http://www.knave.co.jp/schedule/s_2026_04.html,knave,
2026/04/08,水,問)knave06-6535-0691,girlstalk SP,http://www.knave.co.jp/schedule/s_2026_04.html,knave,
2026/04/09,木,Tiiy,NaturalWoman,http://www.knave.co.jp/schedule/s_2026_04.html,knave,
2026/04/09,木,紡生沙衣,NaturalWoman,http://www.knave.co.jp/schedule/s_2026_04.html,knave,
2026/04/09,木,かおちー,NaturalWoman,http://www.knave.co.jp/schedule/s_2026_04.html,knave,
2026/04/09,木,アキコ.,NaturalWoman,http://www.knave.co.jp/schedule/s_2026_04.html,knave,
2026/04/09,木,問)knave06-6535-0691,NaturalWoman,http://www.knave.co.jp/schedule/s_2026_04.html,knave,
2026/04/10,金,〜大阪でモブバンドワンマンッ〜,鈴木Mob.生誕ライブ2026,http://www.knave.co.jp/schedule/s_2026_04.html,knave,
2026/04/10,金,鈴木Mob.,鈴木Mob.生誕ライブ2026,http://www.knave.co.jp/schedule/s_2026_04.html,knave,
2026/04/10,金,Keyboard 西村広文,鈴木Mob.生誕ライブ2026,http://www.knave.co.jp/schedule/s_2026_04.html,knave,
2026/04/10,金,Guitar 山本晃平,鈴木Mob.生誕ライブ2026,http://www.knave.co.jp/schedule/s_2026_04.html,knave,
2026/04/10,金,Bass 中山直樹,鈴木Mob.生誕ライブ2026,http://www.knave.co.jp/schedule/s_2026_04.html,knave,
2026/04/10,金,Drums 麻井寛史,鈴木Mob.生誕ライブ2026,http://www.knave.co.jp/schedule/s_2026_04.html,knave,
2026/04/10,金,"最前チケット¥15,000",鈴木Mob.生誕ライブ2026,http://www.knave.co.jp/schedule/s_2026_04.html,knave,
2026/04/10,金,"S席¥10,000",鈴木Mob.生誕ライブ2026,http://www.knave.co.jp/schedule/s_2026_04.html,knave,
2026/04/10,金,チケットダイブにて3,鈴木Mob.生誕ライブ2026,http://www.knave.co.jp/schedule/s_2026_04.html,knave,
2026/04/10,金,520:00より販売,鈴木Mob.生誕ライブ2026,http://www.knave.co.jp/schedule/s_2026_04.html,knave,
2026/04/10,金,問)knave06-6535-0691,鈴木Mob.生誕ライブ2026,http://www.knave.co.jp/schedule/s_2026_04.html,knave,
2026/04/11,土,『 HEART 』,HACT PROJECT PRESENTS,http://www.knave.co.jp/schedule/s_2026_04.html,knave,
2026/04/11,土,HACT,HACT PROJECT PRESENTS,http://www.knave.co.jp/schedule/s_2026_04.html,knave,
2026/04/11,土,番茶一杯,HACT PROJECT PRESENTS,http://www.knave.co.jp/schedule/s_2026_04.html,knave,
2026/04/11,土,jammycomb,HACT PROJECT PRESENTS,http://www.knave.co.jp/schedule/s_2026_04.html,knave,
2026/04/11,土,Livepocketにて販売中,HACT PROJECT PRESENTS,http://www.knave.co.jp/schedule/s_2026_04.html,knave,
2026/04/11,土,問)HACT project,HACT PROJECT PRESENTS,http://www.knave.co.jp/schedule/s_2026_04.html,knave,
2026/04/12,日,〜Last Note〜】,【 さちかぜごころとあきのそら vol.7,http://www.knave.co.jp/schedule/s_2026_04.html,knave,
2026/04/12,日,さちかぜあきの,【 さちかぜごころとあきのそら vol.7,http://www.knave.co.jp/schedule/s_2026_04.html,knave,
2026/04/12,日,2,【 さちかぜごころとあきのそら vol.7,http://www.knave.co.jp/schedule/s_2026_04.html,knave,
2026/04/12,日,210:00〜オフィシャルサイトにて予約開始,【 さちかぜごころとあきのそら vol.7,http://www.knave.co.jp/schedule/s_2026_04.html,knave,
2026/04/12,日,問)knave06-6535-0691,【 さちかぜごころとあきのそら vol.7,http://www.knave.co.jp/schedule/s_2026_04.html,knave,
2026/04/13,月,uiuni,girlstalk,http://www.knave.co.jp/schedule/s_2026_04.html,knave,
2026/04/13,月,斉藤れいか,girlstalk,http://www.knave.co.jp/schedule/s_2026_04.html,knave,
2026/04/13,月,結唄花,girlstalk,http://www.knave.co.jp/schedule/s_2026_04.html,knave,
2026/04/13,月,華蘭,girlstalk,http://www.knave.co.jp/schedule/s_2026_04.html,knave,
2026/04/13,月,藤村ミフユ,girlstalk,http://www.knave.co.jp/schedule/s_2026_04.html,knave,
2026/04/13,月,問)knave06-6535-0691,girlstalk,http://www.knave.co.jp/schedule/s_2026_04.html,knave,
2026/04/14,火,Acoustic Live in Osaka,supabo.,http://www.knave.co.jp/schedule/s_2026_04.html,knave,
2026/04/14,火,supabo.,supabo.,http://www.knave.co.jp/schedule/s_2026_04.html,knave,
2026/04/14,火,TIGET にて3,supabo.,http://www.knave.co.jp/schedule/s_2026_04.html,knave,
2026/04/14,火,13より一般発売開始,supabo.,http://www.knave.co.jp/schedule/s_2026_04.html,knave,
2026/04/14,火,問)knave06-6535-0691,supabo.,http://www.knave.co.jp/schedule/s_2026_04.html,knave,
2026/04/15,水,あくあゆい,girlstalk SP,http://www.knave.co.jp/schedule/s_2026_04.html,knave,
2026/04/15,水,森あんぱん,girlstalk SP,http://www.knave.co.jp/schedule/s_2026_04.html,knave,
2026/04/15,水,ちゃむりん,girlstalk SP,http://www.knave.co.jp/schedule/s_2026_04.html,knave,
2026/04/15,水,愛奈,girlstalk SP,http://www.knave.co.jp/schedule/s_2026_04.html,knave,
2026/04/15,水,問)knave06-6535-0691,girlstalk SP,http://www.knave.co.jp/schedule/s_2026_04.html,knave,
2026/04/16,木,ジ・白川バンド,more than MUSIC!!  SP,http://www.knave.co.jp/schedule/s_2026_04.html,knave,
2026/04/16,木,三日月ジョン,more than MUSIC!!  SP,http://www.knave.co.jp/schedule/s_2026_04.html,knave,
2026/04/16,木,THE ORANGE PRESIDENT,more than MUSIC!!  SP,http://www.knave.co.jp/schedule/s_2026_04.html,knave,
2026/04/16,木,問)knave06-6535-0691,more than MUSIC!!  SP,http://www.knave.co.jp/schedule/s_2026_04.html,knave,
2026/04/17,金,青いガーネット,Natural Woman SP,http://www.knave.co.jp/schedule/s_2026_04.html,knave,
2026/04/17,金,ミライト,Natural Woman SP,http://www.knave.co.jp/schedule/s_2026_04.html,knave,
2026/04/17,金,やましたりな,Natural Woman SP,http://www.knave.co.jp/schedule/s_2026_04.html,knave,
2026/04/17,金,奈美エリサ,Natural Woman SP,http://www.knave.co.jp/schedule/s_2026_04.html,knave,
2026/04/17,金,問)knave06-6535-0691,Natural Woman SP,http://www.knave.co.jp/schedule/s_2026_04.html,knave,
2026/04/18,土,三田春愛,「喫茶春愛生誕店after party」,http://www.knave.co.jp/schedule/s_2026_04.html,knave,
2026/04/18,土,問)knave06-6535-0691,「喫茶春愛生誕店after party」,http://www.knave.co.jp/schedule/s_2026_04.html,knave,
2026/04/19,日,春のブンブン大渋滞ツアー,←Tra-ffic-jaM→,http://www.knave.co.jp/schedule/s_2026_04.html,knave,
2026/04/19,日,←Tra-ffic-jaM→,←Tra-ffic-jaM→,http://www.knave.co.jp/schedule/s_2026_04.html,knave,
2026/04/19,日,一般発売2,←Tra-ffic-jaM→,http://www.knave.co.jp/schedule/s_2026_04.html,knave,
2026/04/19,日,21,←Tra-ffic-jaM→,http://www.knave.co.jp/schedule/s_2026_04.html,knave,
2026/04/19,日,問)knave06-6535-0691,←Tra-ffic-jaM→,http://www.knave.co.jp/schedule/s_2026_04.html,knave,
2026/04/20,月,佐久間丈幸,LoversRock,http://www.knave.co.jp/schedule/s_2026_04.html,knave,
2026/04/20,月,たきすず,LoversRock,http://www.knave.co.jp/schedule/s_2026_04.html,knave,
2026/04/20,月,SHOMA SHIRAKAWA,LoversRock,http://www.knave.co.jp/schedule/s_2026_04.html,knave,
2026/04/20,月,あおぞら,LoversRock,http://www.knave.co.jp/schedule/s_2026_04.html,knave,
2026/04/20,月,問)knave06-6535-0691,LoversRock,http://www.knave.co.jp/schedule/s_2026_04.html,knave,
2026/04/21,火,NovaFlash,増殖,http://www.knave.co.jp/schedule/s_2026_04.html,knave,
2026/04/21,火,HaiNe,増殖,http://www.knave.co.jp/schedule/s_2026_04.html,knave,
2026/04/21,火,PANdeMIX,増殖,http://www.knave.co.jp/schedule/s_2026_04.html,knave,
2026/04/21,火,魔愚音,増殖,http://www.knave.co.jp/schedule/s_2026_04.html,knave,
2026/04/21,火,問)knave06-6535-0691,増殖,http://www.knave.co.jp/schedule/s_2026_04.html,knave,
2026/04/22,水,kiyuka,girlstalk,http://www.knave.co.jp/schedule/s_2026_04.html,knave,
2026/04/22,水,dull cløver,girlstalk,http://www.knave.co.jp/schedule/s_2026_04.html,knave,
2026/04/22,水,ASNA,girlstalk,http://www.knave.co.jp/schedule/s_2026_04.html,knave,
2026/04/22,水,小川泉,girlstalk,http://www.knave.co.jp/schedule/s_2026_04.html,knave,
2026/04/22,水,星唯蘭,girlstalk,http://www.knave.co.jp/schedule/s_2026_04.html,knave,
2026/04/22,水,問)knave06-6535-0691,girlstalk,http://www.knave.co.jp/schedule/s_2026_04.html,knave,
2026/04/23,木,満月,LoversRock,http://www.knave.co.jp/schedule/s_2026_04.html,knave,
2026/04/23,木,咲那,LoversRock,http://www.knave.co.jp/schedule/s_2026_04.html,knave,
2026/04/23,木,福寿たいき,LoversRock,http://www.knave.co.jp/schedule/s_2026_04.html,knave,
2026/04/23,木,ヤマサキマナミ,LoversRock,http://www.knave.co.jp/schedule/s_2026_04.html,knave,
2026/04/23,木,問)knave06-6535-0691,LoversRock,http://www.knave.co.jp/schedule/s_2026_04.html,knave,
2026/04/24,金,“parallel glow 〜vol.2〜”,藍白へて茜まで・PapiLio 2manLive,http://www.knave.co.jp/schedule/s_2026_04.html,knave,
2026/04/24,金,藍白へて茜まで,藍白へて茜まで・PapiLio 2manLive,http://www.knave.co.jp/schedule/s_2026_04.html,knave,
2026/04/24,金,PapiLio,藍白へて茜まで・PapiLio 2manLive,http://www.knave.co.jp/schedule/s_2026_04.html,knave,
2026/04/24,金,ツイキャスライブ視聴購入ページ,藍白へて茜まで・PapiLio 2manLive,http://www.knave.co.jp/schedule/s_2026_04.html,knave,
2026/04/24,金,https:,藍白へて茜まで・PapiLio 2manLive,http://www.knave.co.jp/schedule/s_2026_04.html,knave,
2026/04/24,金,twitcasting.tv,藍白へて茜まで・PapiLio 2manLive,http://www.knave.co.jp/schedule/s_2026_04.html,knave,
2026/04/25,土,春の昼下がりにぶら下がりショー,大西ユカリ,http://www.knave.co.jp/schedule/s_2026_04.html,knave,
2026/04/25,土,大西ユカリとシルバートーンマスターズ,大西ユカリ,http://www.knave.co.jp/schedule/s_2026_04.html,knave,
2026/04/25,土,問)knave06-6535-0691,大西ユカリ,http://www.knave.co.jp/schedule/s_2026_04.html,knave,
2026/04/26,日,"“Mr. OUTSIDE""",山口洋 (HEATWAVE) SOLO TOUR 2026,http://www.knave.co.jp/schedule/s_2026_04.html,knave,
2026/04/26,日,山口洋,山口洋 (HEATWAVE) SOLO TOUR 2026,http://www.knave.co.jp/schedule/s_2026_04.html,knave,
2026/04/26,日,にて2,山口洋 (HEATWAVE) SOLO TOUR 2026,http://www.knave.co.jp/schedule/s_2026_04.html,knave,
2026/04/26,日,21より発売開始,山口洋 (HEATWAVE) SOLO TOUR 2026,http://www.knave.co.jp/schedule/s_2026_04.html,knave,
2026/04/26,日,問)knave06-6535-0691,山口洋 (HEATWAVE) SOLO TOUR 2026,http://www.knave.co.jp/schedule/s_2026_04.html,knave,
2026/04/27,月,乙音,girlstalk,http://www.knave.co.jp/schedule/s_2026_04.html,knave,
2026/04/27,月,葵音,girlstalk,http://www.knave.co.jp/schedule/s_2026_04.html,knave,
2026/04/27,月,亜偉瑠,girlstalk,http://www.knave.co.jp/schedule/s_2026_04.html,knave,
2026/04/27,月,成宮雛,girlstalk,http://www.knave.co.jp/schedule/s_2026_04.html,knave,
2026/04/27,月,有近朋恵,girlstalk,http://www.knave.co.jp/schedule/s_2026_04.html,knave,
2026/04/27,月,問)knave06-6535-0691,girlstalk,http://www.knave.co.jp/schedule/s_2026_04.html,knave,
2026/04/28,火,Popin' Canvas,The Red Light,http://www.knave.co.jp/schedule/s_2026_04.html,knave,
2026/04/28,火,NOsuit,The Red Light,http://www.knave.co.jp/schedule/s_2026_04.html,knave,
2026/04/28,火,shelives,The Red Light,http://www.knave.co.jp/schedule/s_2026_04.html,knave,
2026/04/28,火,THE BLOODY WEEKEND,The Red Light,http://www.knave.co.jp/schedule/s_2026_04.html,knave,
2026/04/28,火,問)knave06-6535-0691,The Red Light,http://www.knave.co.jp/schedule/s_2026_04.html,knave,
2026/04/29,水,さちかぜあきの,弾き語りワンマンライブ,http://www.knave.co.jp/schedule/s_2026_04.html,knave,
2026/04/29,水,2,弾き語りワンマンライブ,http://www.knave.co.jp/schedule/s_2026_04.html,knave,
2026/04/29,水,210:00〜オフィシャルサイトにて予約開始,弾き語りワンマンライブ,http://www.knave.co.jp/schedule/s_2026_04.html,knave,
2026/04/29,水,問)knave06-6535-0691,弾き語りワンマンライブ,http://www.knave.co.jp/schedule/s_2026_04.html,knave,
2026/04/30,木,森かずおバンド,LoversRock,http://www.knave.co.jp/schedule/s_2026_04.html,knave,
2026/04/30,木,The KOKO,LoversRock,http://www.knave.co.jp/schedule/s_2026_04.html,knave,
2026/04/30,木,ハナシハソレカラ。,LoversRock,http://www.knave.co.jp/schedule/s_2026_04.html,knave,
2026/04/30,木,OKU,LoversRock,http://www.knave.co.jp/schedule/s_2026_04.html,knave,
2026/04/30,木,サンマーメン,LoversRock,http://www.knave.co.jp/schedule/s_2026_04.html,knave,
2026/04/30,木,問)knave06-6535-0691,LoversRock,http://www.knave.co.jp/schedule/s_2026_04.html,knave,
2026/05/01,金,Skade,Bitter&Sweet,http://www.knave.co.jp/schedule/s_2026_05.html,knave,
2026/05/01,金,Enfant gate,Bitter&Sweet,http://www.knave.co.jp/schedule/s_2026_05.html,knave,
2026/05/01,金,AIK,Bitter&Sweet,http://www.knave.co.jp/schedule/s_2026_05.html,knave,
2026/05/01,金,カミカワユウナ,Bitter&Sweet,http://www.knave.co.jp/schedule/s_2026_05.html,knave,
2026/05/01,金,問)knave06-6535-0691,Bitter&Sweet,http://www.knave.co.jp/schedule/s_2026_05.html,knave,
2026/05/02,土,須田みみ,GenerationNext day.1,http://www.knave.co.jp/schedule/s_2026_05.html,knave,
2026/05/02,土,凪,GenerationNext day.1,http://www.knave.co.jp/schedule/s_2026_05.html,knave,
2026/05/02,土,Nazuna,GenerationNext day.1,http://www.knave.co.jp/schedule/s_2026_05.html,knave,
2026/05/02,土,Kanna,GenerationNext day.1,http://www.knave.co.jp/schedule/s_2026_05.html,knave,
2026/05/02,土,問)knave06-6535-0691,GenerationNext day.1,http://www.knave.co.jp/schedule/s_2026_05.html,knave,
2026/05/03,日,喜多風華,GenerationNext day.2,http://www.knave.co.jp/schedule/s_2026_05.html,knave,
2026/05/03,日,冨岡明咲,GenerationNext day.2,http://www.knave.co.jp/schedule/s_2026_05.html,knave,
2026/05/03,日,依祈縁,GenerationNext day.2,http://www.knave.co.jp/schedule/s_2026_05.html,knave,
2026/05/03,日,望月とこ,GenerationNext day.2,http://www.knave.co.jp/schedule/s_2026_05.html,knave,
2026/05/03,日,美波ゆずは,GenerationNext day.2,http://www.knave.co.jp/schedule/s_2026_05.html,knave,
2026/05/03,日,問)knave06-6535-0691,GenerationNext day.2,http://www.knave.co.jp/schedule/s_2026_05.html,knave,
2026/05/04,月,源嶋葵衣,GenerationNext day.3,http://www.knave.co.jp/schedule/s_2026_05.html,knave,
2026/05/04,月,奈美エリサ,GenerationNext day.3,http://www.knave.co.jp/schedule/s_2026_05.html,knave,
2026/05/04,月,ももか,GenerationNext day.3,http://www.knave.co.jp/schedule/s_2026_05.html,knave,
2026/05/04,月,中井優月,GenerationNext day.3,http://www.knave.co.jp/schedule/s_2026_05.html,knave,
2026/05/04,月,問)knave06-6535-0691,GenerationNext day.3,http://www.knave.co.jp/schedule/s_2026_05.html,knave,
2026/05/05,火,ゆっくり生きよう,宮城伸一郎 Solo Live Tour 2026,http://www.knave.co.jp/schedule/s_2026_05.html,knave,
2026/05/05,火,宮城伸一郎,宮城伸一郎 Solo Live Tour 2026,http://www.knave.co.jp/schedule/s_2026_05.html,knave,
2026/05/05,火,Guest：佐藤 晃,宮城伸一郎 Solo Live Tour 2026,http://www.knave.co.jp/schedule/s_2026_05.html,knave,
2026/05/05,火,1,宮城伸一郎 Solo Live Tour 2026,http://www.knave.co.jp/schedule/s_2026_05.html,knave,
2026/05/05,火,2512:00〜,宮城伸一郎 Solo Live Tour 2026,http://www.knave.co.jp/schedule/s_2026_05.html,knave,
2026/05/05,火,問)宮城伸一郎公式アカウント,宮城伸一郎 Solo Live Tour 2026,http://www.knave.co.jp/schedule/s_2026_05.html,knave,
2026/05/06,水,下尾礼子,GenerationNext day.4,http://www.knave.co.jp/schedule/s_2026_05.html,knave,
2026/05/06,水,長真由美,GenerationNext day.4,http://www.knave.co.jp/schedule/s_2026_05.html,knave,
2026/05/06,水,陽愛,GenerationNext day.4,http://www.knave.co.jp/schedule/s_2026_05.html,knave,
2026/05/06,水,華蘭,GenerationNext day.4,http://www.knave.co.jp/schedule/s_2026_05.html,knave,
2026/05/06,水,問)knave06-6535-0691,GenerationNext day.4,http://www.knave.co.jp/schedule/s_2026_05.html,knave,
2026/05/07,木,うに,LoversRock,http://www.knave.co.jp/schedule/s_2026_05.html,knave,
2026/05/07,木,Luca,LoversRock,http://www.knave.co.jp/schedule/s_2026_05.html,knave,
2026/05/07,木,小野亜里沙,LoversRock,http://www.knave.co.jp/schedule/s_2026_05.html,knave,
2026/05/07,木,享汰,LoversRock,http://www.knave.co.jp/schedule/s_2026_05.html,knave,
2026/05/07,木,梶有紀子,LoversRock,http://www.knave.co.jp/schedule/s_2026_05.html,knave,
2026/05/07,木,問)knave06-6535-0691,LoversRock,http://www.knave.co.jp/schedule/s_2026_05.html,knave,
2026/05/08,金,岩内幸乃,NaturalWoman SP,http://www.knave.co.jp/schedule/s_2026_05.html,knave,
2026/05/08,金,寺岸柚稀,NaturalWoman SP,http://www.knave.co.jp/schedule/s_2026_05.html,knave,
2026/05/08,金,REA,NaturalWoman SP,http://www.knave.co.jp/schedule/s_2026_05.html,knave,
2026/05/08,金,Ritomo,NaturalWoman SP,http://www.knave.co.jp/schedule/s_2026_05.html,knave,
2026/05/08,金,問)knave06-6535-0691,NaturalWoman SP,http://www.knave.co.jp/schedule/s_2026_05.html,knave,
2026/05/09,土,sloppy dim,sloppy dim ONE MAN LIVE,http://www.knave.co.jp/schedule/s_2026_05.html,knave,
2026/05/09,土,※全年齢チケット必要,sloppy dim ONE MAN LIVE,http://www.knave.co.jp/schedule/s_2026_05.html,knave,
2026/05/09,土,一般発売4,sloppy dim ONE MAN LIVE,http://www.knave.co.jp/schedule/s_2026_05.html,knave,
2026/05/09,土,1,sloppy dim ONE MAN LIVE,http://www.knave.co.jp/schedule/s_2026_05.html,knave,
2026/05/09,土,問)knave06-6535-0691,sloppy dim ONE MAN LIVE,http://www.knave.co.jp/schedule/s_2026_05.html,knave,
2026/05/10,日,下尾礼子,SPRING LIVE,http://www.knave.co.jp/schedule/s_2026_05.html,knave,
2026/05/10,日,須田みみ,SPRING LIVE,http://www.knave.co.jp/schedule/s_2026_05.html,knave,
2026/05/10,日,高見このは,SPRING LIVE,http://www.knave.co.jp/schedule/s_2026_05.html,knave,
2026/05/10,日,※高校生以下2,SPRING LIVE,http://www.knave.co.jp/schedule/s_2026_05.html,knave,
2026/05/10,日,000円(要学生証提示）,SPRING LIVE,http://www.knave.co.jp/schedule/s_2026_05.html,knave,
2026/05/10,日,チケット発売 2,SPRING LIVE,http://www.knave.co.jp/schedule/s_2026_05.html,knave,
2026/05/10,日,1413:00〜,SPRING LIVE,http://www.knave.co.jp/schedule/s_2026_05.html,knave,
2026/05/10,日,問)uhopjtma,SPRING LIVE,http://www.knave.co.jp/schedule/s_2026_05.html,knave,
2026/05/11,月,Stardust Alone,Bitter&Sweet,http://www.knave.co.jp/schedule/s_2026_05.html,knave,
2026/05/11,月,リリィズ＝レプシー,Bitter&Sweet,http://www.knave.co.jp/schedule/s_2026_05.html,knave,
2026/05/11,月,PapiLio,Bitter&Sweet,http://www.knave.co.jp/schedule/s_2026_05.html,knave,
2026/05/11,月,小川泉,Bitter&Sweet,http://www.knave.co.jp/schedule/s_2026_05.html,knave,
2026/05/11,月,問)knave06-6535-0691,Bitter&Sweet,http://www.knave.co.jp/schedule/s_2026_05.html,knave,
2026/05/12,火,石原のの,girlstalk,http://www.knave.co.jp/schedule/s_2026_05.html,knave,
2026/05/12,火,MIA.,girlstalk,http://www.knave.co.jp/schedule/s_2026_05.html,knave,
2026/05/12,火,星愛,girlstalk,http://www.knave.co.jp/schedule/s_2026_05.html,knave,
2026/05/12,火,有近朋恵,girlstalk,http://www.knave.co.jp/schedule/s_2026_05.html,knave,
2026/05/12,火,問)knave06-6535-0691,girlstalk,http://www.knave.co.jp/schedule/s_2026_05.html,knave,
2026/05/13,水,Kanon,NaturalWoman,http://www.knave.co.jp/schedule/s_2026_05.html,knave,
2026/05/13,水,河村麻未,NaturalWoman,http://www.knave.co.jp/schedule/s_2026_05.html,knave,
2026/05/13,水,ヤマサキマナミ,NaturalWoman,http://www.knave.co.jp/schedule/s_2026_05.html,knave,
2026/05/13,水,瀧本結月,NaturalWoman,http://www.knave.co.jp/schedule/s_2026_05.html,knave,
2026/05/13,水,問)knave06-6535-0691,NaturalWoman,http://www.knave.co.jp/schedule/s_2026_05.html,knave,
2026/05/14,木,ケシカルカッコ,NaturalWoman,http://www.knave.co.jp/schedule/s_2026_05.html,knave,
2026/05/14,木,蛍,NaturalWoman,http://www.knave.co.jp/schedule/s_2026_05.html,knave,
2026/05/14,木,おそえ,NaturalWoman,http://www.knave.co.jp/schedule/s_2026_05.html,knave,
2026/05/14,木,莉奈,NaturalWoman,http://www.knave.co.jp/schedule/s_2026_05.html,knave,
2026/05/14,木,問)knave06-6535-0691,NaturalWoman,http://www.knave.co.jp/schedule/s_2026_05.html,knave,
2026/05/15,金,ミカヅキグマ,Bitter&Sweet,http://www.knave.co.jp/schedule/s_2026_05.html,knave,
2026/05/15,金,AILYAWP,Bitter&Sweet,http://www.knave.co.jp/schedule/s_2026_05.html,knave,
2026/05/15,金,Jamity,Bitter&Sweet,http://www.knave.co.jp/schedule/s_2026_05.html,knave,
2026/05/15,金,ケシカルカッコ,Bitter&Sweet,http://www.knave.co.jp/schedule/s_2026_05.html,knave,
2026/05/15,金,問)knave06-6535-0691,Bitter&Sweet,http://www.knave.co.jp/schedule/s_2026_05.html,knave,
2026/05/16,土,“A Day with the Aces”,QUEENESS,http://www.knave.co.jp/schedule/s_2026_05.html,knave,
2026/05/16,土,2026 Japan Tour 大阪公演,QUEENESS,http://www.knave.co.jp/schedule/s_2026_05.html,knave,
2026/05/16,土,QUEENESS,QUEENESS,http://www.knave.co.jp/schedule/s_2026_05.html,knave,
2026/05/16,土,一般発売2,QUEENESS,http://www.knave.co.jp/schedule/s_2026_05.html,knave,
2026/05/16,土,14,QUEENESS,http://www.knave.co.jp/schedule/s_2026_05.html,knave,
2026/05/16,土,問)knave06-6535-0691,QUEENESS,http://www.knave.co.jp/schedule/s_2026_05.html,knave,
2026/05/17,日,「〜highway〜」,DAN BALL'S LIVE2026,http://www.knave.co.jp/schedule/s_2026_05.html,knave,
2026/05/17,日,男ball's,DAN BALL'S LIVE2026,http://www.knave.co.jp/schedule/s_2026_05.html,knave,
2026/05/17,日,GUEST:サンパチーズ,DAN BALL'S LIVE2026,http://www.knave.co.jp/schedule/s_2026_05.html,knave,
2026/05/17,日,問・チケット)男ball's専用予約フォーム,DAN BALL'S LIVE2026,http://www.knave.co.jp/schedule/s_2026_05.html,knave,
2026/05/18,月,solo acoustic tour 2026,古市コータロー (THE COLLECTORS),http://www.knave.co.jp/schedule/s_2026_05.html,knave,
2026/05/18,月,『Gemini Never Stop』,古市コータロー (THE COLLECTORS),http://www.knave.co.jp/schedule/s_2026_05.html,knave,
2026/05/18,月,古市コータロー,古市コータロー (THE COLLECTORS),http://www.knave.co.jp/schedule/s_2026_05.html,knave,
2026/05/18,月,2,古市コータロー (THE COLLECTORS),http://www.knave.co.jp/schedule/s_2026_05.html,knave,
2026/05/18,月,19:00よりメール予約開始,古市コータロー (THE COLLECTORS),http://www.knave.co.jp/schedule/s_2026_05.html,knave,
2026/05/18,月,※ご予約の際は、公演名と日時・各会場名・枚数・お名前・郵便番号・住所・電話番号を明記の上、お申し込みください。,古市コータロー (THE COLLECTORS),http://www.knave.co.jp/schedule/s_2026_05.html,knave,
2026/05/18,月,問)groovecouncil@gmail.com「古市2026」係,古市コータロー (THE COLLECTORS),http://www.knave.co.jp/schedule/s_2026_05.html,knave,
2026/05/19,火,青葉らら,Natural Woman,http://www.knave.co.jp/schedule/s_2026_05.html,knave,
2026/05/19,火,風華,Natural Woman,http://www.knave.co.jp/schedule/s_2026_05.html,knave,
2026/05/19,火,音希。,Natural Woman,http://www.knave.co.jp/schedule/s_2026_05.html,knave,
2026/05/19,火,milo.,Natural Woman,http://www.knave.co.jp/schedule/s_2026_05.html,knave,
2026/05/19,火,宮崎真穂,Natural Woman,http://www.knave.co.jp/schedule/s_2026_05.html,knave,
2026/05/19,火,問)knave06-6535-0691,Natural Woman,http://www.knave.co.jp/schedule/s_2026_05.html,knave,
2026/05/20,水,『響鳴 -Kyomei- ~DAY1~』,一山楓 pre.,http://www.knave.co.jp/schedule/s_2026_05.html,knave,
2026/05/20,水,FRONT,一山楓 pre.,http://www.knave.co.jp/schedule/s_2026_05.html,knave,
2026/05/20,水,ロンリーズ,一山楓 pre.,http://www.knave.co.jp/schedule/s_2026_05.html,knave,
2026/05/20,水,DOWN・BY・LOW,一山楓 pre.,http://www.knave.co.jp/schedule/s_2026_05.html,knave,
2026/05/20,水,メンタルハラスメント,一山楓 pre.,http://www.knave.co.jp/schedule/s_2026_05.html,knave,
2026/05/20,水,White your Mind,一山楓 pre.,http://www.knave.co.jp/schedule/s_2026_05.html,knave,
2026/05/20,水,ハイパー地球人,一山楓 pre.,http://www.knave.co.jp/schedule/s_2026_05.html,knave,
2026/05/20,水,問)knave06-6535-0691,一山楓 pre.,http://www.knave.co.jp/schedule/s_2026_05.html,knave,
2026/05/21,木,一原ちひろ,girlstalk SP,http://www.knave.co.jp/schedule/s_2026_05.html,knave,
2026/05/21,木,結芽乃,girlstalk SP,http://www.knave.co.jp/schedule/s_2026_05.html,knave,
2026/05/21,木,純麗,girlstalk SP,http://www.knave.co.jp/schedule/s_2026_05.html,knave,
2026/05/21,木,ちゃむりん,girlstalk SP,http://www.knave.co.jp/schedule/s_2026_05.html,knave,
2026/05/21,木,問)knave06-6535-0691,girlstalk SP,http://www.knave.co.jp/schedule/s_2026_05.html,knave,
2026/05/24,日,「Dive into My Blue」〜Aqua〜,krage Acoustic Tour,http://www.knave.co.jp/schedule/s_2026_05.html,knave,
2026/05/24,日,krage,krage Acoustic Tour,http://www.knave.co.jp/schedule/s_2026_05.html,knave,
2026/05/24,日,※未就学児童入場不可,krage Acoustic Tour,http://www.knave.co.jp/schedule/s_2026_05.html,knave,
2026/05/24,日,4,krage Acoustic Tour,http://www.knave.co.jp/schedule/s_2026_05.html,knave,
2026/05/24,日,11より発売開始,krage Acoustic Tour,http://www.knave.co.jp/schedule/s_2026_05.html,knave,
2026/05/24,日,問)YUMEBANCHI 06-6341-3525,krage Acoustic Tour,http://www.knave.co.jp/schedule/s_2026_05.html,knave,
2026/05/25,月,網谷俊輝,LoversRock,http://www.knave.co.jp/schedule/s_2026_05.html,knave,
2026/05/25,月,Urey,LoversRock,http://www.knave.co.jp/schedule/s_2026_05.html,knave,
2026/05/25,月,げんき,LoversRock,http://www.knave.co.jp/schedule/s_2026_05.html,knave,
2026/05/25,月,てらぴょん,LoversRock,http://www.knave.co.jp/schedule/s_2026_05.html,knave,
2026/05/25,月,takuma,LoversRock,http://www.knave.co.jp/schedule/s_2026_05.html,knave,
2026/05/25,月,問)knave06-6535-0691,LoversRock,http://www.knave.co.jp/schedule/s_2026_05.html,knave,
2026/05/27,水,AIK,AIK×ASNA 2manLive「太陽と月」,http://www.knave.co.jp/schedule/s_2026_05.html,knave,
2026/05/27,水,ASNA,AIK×ASNA 2manLive「太陽と月」,http://www.knave.co.jp/schedule/s_2026_05.html,knave,
2026/05/27,水,問)knave06-6535-0691,AIK×ASNA 2manLive「太陽と月」,http://www.knave.co.jp/schedule/s_2026_05.html,knave,
2026/05/29,金,藤川彩,girlstalk,http://www.knave.co.jp/schedule/s_2026_05.html,knave,
2026/05/29,金,akari,girlstalk,http://www.knave.co.jp/schedule/s_2026_05.html,knave,
2026/05/29,金,七.,girlstalk,http://www.knave.co.jp/schedule/s_2026_05.html,knave,
2026/05/29,金,歌う月,girlstalk,http://www.knave.co.jp/schedule/s_2026_05.html,knave,
2026/05/29,金,問)knave06-6535-0691,girlstalk,http://www.knave.co.jp/schedule/s_2026_05.html,knave,
2026/05/30,土,カンクロウ,C'est la vie Tour,http://www.knave.co.jp/schedule/s_2026_05.html,knave,
2026/05/30,土,ランディ,C'est la vie Tour,http://www.knave.co.jp/schedule/s_2026_05.html,knave,
2026/06/03,水,福寿たいきpresents,knave 24th Anniversary  supported by KIRIN,http://www.knave.co.jp/schedule/s_2026_06.html,knave,
2026/06/03,水,「福寿たいきの大阪フォーク村」,knave 24th Anniversary  supported by KIRIN,http://www.knave.co.jp/schedule/s_2026_06.html,knave,
2026/06/03,水,福寿たいき,knave 24th Anniversary  supported by KIRIN,http://www.knave.co.jp/schedule/s_2026_06.html,knave,
2026/06/03,水,永恵美遥,knave 24th Anniversary  supported by KIRIN,http://www.knave.co.jp/schedule/s_2026_06.html,knave,
2026/06/03,水,ぽっぷこーん★,knave 24th Anniversary  supported by KIRIN,http://www.knave.co.jp/schedule/s_2026_06.html,knave,
2026/06/03,水,問)knave06-6535-0691,knave 24th Anniversary  supported by KIRIN,http://www.knave.co.jp/schedule/s_2026_06.html,knave,
2026/06/06,土,Dacco,「TWINS 」,http://www.knave.co.jp/schedule/s_2026_06.html,knave,
2026/06/06,土,天照,「TWINS 」,http://www.knave.co.jp/schedule/s_2026_06.html,knave,
2026/06/06,土,たまゆい,「TWINS 」,http://www.knave.co.jp/schedule/s_2026_06.html,knave,
2026/06/06,土,プレミアチケット￥5,「TWINS 」,http://www.knave.co.jp/schedule/s_2026_06.html,knave,
2026/06/06,土,000,「TWINS 」,http://www.knave.co.jp/schedule/s_2026_06.html,knave,
2026/06/06,土,TIGETにて 4,「TWINS 」,http://www.knave.co.jp/schedule/s_2026_06.html,knave,
2026/06/06,土,412:00より発売,「TWINS 」,http://www.knave.co.jp/schedule/s_2026_06.html,knave,
2026/06/06,土,問)knave06-6535-0691,「TWINS 」,http://www.knave.co.jp/schedule/s_2026_06.html,knave,
2026/06/11,木,宮崎真穂presents『colors』,knave 24th Anniversary  supported by KIRIN,http://www.knave.co.jp/schedule/s_2026_06.html,knave,
2026/06/11,木,KARIN,knave 24th Anniversary  supported by KIRIN,http://www.knave.co.jp/schedule/s_2026_06.html,knave,
2026/06/11,木,渡辺あゆ香,knave 24th Anniversary  supported by KIRIN,http://www.knave.co.jp/schedule/s_2026_06.html,knave,
2026/06/11,木,よーこにゃん,knave 24th Anniversary  supported by KIRIN,http://www.knave.co.jp/schedule/s_2026_06.html,knave,
2026/06/11,木,宮崎真穂,knave 24th Anniversary  supported by KIRIN,http://www.knave.co.jp/schedule/s_2026_06.html,knave,
2026/06/11,木,TIGETにて 3,knave 24th Anniversary  supported by KIRIN,http://www.knave.co.jp/schedule/s_2026_06.html,knave,
2026/06/11,木,1より発売,knave 24th Anniversary  supported by KIRIN,http://www.knave.co.jp/schedule/s_2026_06.html,knave,
2026/06/11,木,問)knave06-6535-0691,knave 24th Anniversary  supported by KIRIN,http://www.knave.co.jp/schedule/s_2026_06.html,knave,
2026/06/13,土,Kotatsu Mikan's,「Orangeee's Night」vol.2,http://www.knave.co.jp/schedule/s_2026_06.html,knave,
2026/06/13,土,"Gtr.,Vo. 大山聡一",「Orangeee's Night」vol.2,http://www.knave.co.jp/schedule/s_2026_06.html,knave,
2026/06/13,土,Drs. 結城泰範,「Orangeee's Night」vol.2,http://www.knave.co.jp/schedule/s_2026_06.html,knave,
2026/06/13,土,Key.奥野大樹,「Orangeee's Night」vol.2,http://www.knave.co.jp/schedule/s_2026_06.html,knave,
2026/06/13,土,＊未就学児入場不可、,「Orangeee's Night」vol.2,http://www.knave.co.jp/schedule/s_2026_06.html,knave,
2026/06/13,土,小学生以上はチケットが必要です。,「Orangeee's Night」vol.2,http://www.knave.co.jp/schedule/s_2026_06.html,knave,
2026/06/13,土,問)VINTAGE ROCK std.,「Orangeee's Night」vol.2,http://www.knave.co.jp/schedule/s_2026_06.html,knave,
2026/06/13,土,03-5787-5350,「Orangeee's Night」vol.2,http://www.knave.co.jp/schedule/s_2026_06.html,knave,
2026/06/18,木,北摂GOLDBLEND vol.16  堀江編,knave 24th Anniversary  supported by KIRIN,http://www.knave.co.jp/schedule/s_2026_06.html,knave,
2026/06/18,木,ROLLY,knave 24th Anniversary  supported by KIRIN,http://www.knave.co.jp/schedule/s_2026_06.html,knave,
2026/06/18,木,ウルフルケイスケ,knave 24th Anniversary  supported by KIRIN,http://www.knave.co.jp/schedule/s_2026_06.html,knave,
2026/06/18,木,梅垣義明サポートPf:杉浦哲郎,knave 24th Anniversary  supported by KIRIN,http://www.knave.co.jp/schedule/s_2026_06.html,knave,
2026/06/18,木,先行プレオーダー：,knave 24th Anniversary  supported by KIRIN,http://www.knave.co.jp/schedule/s_2026_06.html,knave,
2026/06/18,木,3,knave 24th Anniversary  supported by KIRIN,http://www.knave.co.jp/schedule/s_2026_06.html,knave,
2026/06/18,木,712:00〜3,knave 24th Anniversary  supported by KIRIN,http://www.knave.co.jp/schedule/s_2026_06.html,knave,
2026/06/18,木,1323:59,knave 24th Anniversary  supported by KIRIN,http://www.knave.co.jp/schedule/s_2026_06.html,knave,
2026/06/18,木,一般発売：3,knave 24th Anniversary  supported by KIRIN,http://www.knave.co.jp/schedule/s_2026_06.html,knave,
2026/06/18,木,21,knave 24th Anniversary  supported by KIRIN,http://www.knave.co.jp/schedule/s_2026_06.html,knave,
2026/06/18,木,問)knave06-6535-0691,knave 24th Anniversary  supported by KIRIN,http://www.knave.co.jp/schedule/s_2026_06.html,knave,
2026/06/19,金,梅垣義明 アルバム発売記念ツアー 大阪公演,knave 24th Anniversary  supported by KIRIN,http://www.knave.co.jp/schedule/s_2026_06.html,knave,
2026/06/19,金,梅垣 義明,knave 24th Anniversary  supported by KIRIN,http://www.knave.co.jp/schedule/s_2026_06.html,knave,
2026/06/19,金,杉浦 哲郎・三輪 一登(Sax,knave 24th Anniversary  supported by KIRIN,http://www.knave.co.jp/schedule/s_2026_06.html,knave,
2026/06/19,金,Fl)・,knave 24th Anniversary  supported by KIRIN,http://www.knave.co.jp/schedule/s_2026_06.html,knave,
2026/06/19,金,木全 希巨人・,knave 24th Anniversary  supported by KIRIN,http://www.knave.co.jp/schedule/s_2026_06.html,knave,
2026/06/19,金,山田 信晴,knave 24th Anniversary  supported by KIRIN,http://www.knave.co.jp/schedule/s_2026_06.html,knave,
2026/06/19,金,一般発売2,knave 24th Anniversary  supported by KIRIN,http://www.knave.co.jp/schedule/s_2026_06.html,knave,
2026/06/19,金,11,knave 24th Anniversary  supported by KIRIN,http://www.knave.co.jp/schedule/s_2026_06.html,knave,
2026/06/19,金,問)knave06-6535-0691,knave 24th Anniversary  supported by KIRIN,http://www.knave.co.jp/schedule/s_2026_06.html,knave,
2026/06/20,土,松井常松アコースティックライブ,knave 24th Anniversary  supported by KIRIN,http://www.knave.co.jp/schedule/s_2026_06.html,knave,
2026/06/20,土,ナイロンナイツ・アローン 2026 OSAKA,knave 24th Anniversary  supported by KIRIN,http://www.knave.co.jp/schedule/s_2026_06.html,knave,
2026/06/20,土,松井常松,knave 24th Anniversary  supported by KIRIN,http://www.knave.co.jp/schedule/s_2026_06.html,knave,
2026/06/21,日,2days,ヤマサキマナミ 5th Anniversary,http://www.knave.co.jp/schedule/s_2026_06.html,knave,
2026/06/21,日,ONEMAN LIVE,ヤマサキマナミ 5th Anniversary,http://www.knave.co.jp/schedule/s_2026_06.html,knave,
2026/06/21,日,｢Weaving Love｣,ヤマサキマナミ 5th Anniversary,http://www.knave.co.jp/schedule/s_2026_06.html,knave,
2026/06/21,日,ヤマサキマナミ,ヤマサキマナミ 5th Anniversary,http://www.knave.co.jp/schedule/s_2026_06.html,knave,
2026/06/21,日,"VIP ¥7,000",ヤマサキマナミ 5th Anniversary,http://www.knave.co.jp/schedule/s_2026_06.html,knave,
2026/06/21,日,"S席き¥5,000",ヤマサキマナミ 5th Anniversary,http://www.knave.co.jp/schedule/s_2026_06.html,knave,
2026/06/21,日,2days通し券,ヤマサキマナミ 5th Anniversary,http://www.knave.co.jp/schedule/s_2026_06.html,knave,
2026/06/21,日,"(VIP¥13,000",ヤマサキマナミ 5th Anniversary,http://www.knave.co.jp/schedule/s_2026_06.html,knave,
2026/06/21,日,"S席¥9,000",ヤマサキマナミ 5th Anniversary,http://www.knave.co.jp/schedule/s_2026_06.html,knave,
2026/06/21,日,"一般¥7,000)",ヤマサキマナミ 5th Anniversary,http://www.knave.co.jp/schedule/s_2026_06.html,knave,
2026/06/21,日,Livepocketて3,ヤマサキマナミ 5th Anniversary,http://www.knave.co.jp/schedule/s_2026_06.html,knave,
2026/06/21,日,720:00より発売ß,ヤマサキマナミ 5th Anniversary,http://www.knave.co.jp/schedule/s_2026_06.html,knave,
2026/06/21,日,問)knave06-6535-0691,ヤマサキマナミ 5th Anniversary,http://www.knave.co.jp/schedule/s_2026_06.html,knave,
2026/06/22,月,Kanna 17th birthday party,knave 24th Anniversary  supported by KIRIN,http://www.knave.co.jp/schedule/s_2026_06.html,knave,
2026/06/22,月,Kanna,knave 24th Anniversary  supported by KIRIN,http://www.knave.co.jp/schedule/s_2026_06.html,knave,
2026/06/22,月,special guest : 奈美エリサ,knave 24th Anniversary  supported by KIRIN,http://www.knave.co.jp/schedule/s_2026_06.html,knave,
2026/06/22,月,VIP:4,knave 24th Anniversary  supported by KIRIN,http://www.knave.co.jp/schedule/s_2026_06.html,knave,
2026/06/22,月,000円,knave 24th Anniversary  supported by KIRIN,http://www.knave.co.jp/schedule/s_2026_06.html,knave,
2026/06/22,月,問)knave06-6535-0691,knave 24th Anniversary  supported by KIRIN,http://www.knave.co.jp/schedule/s_2026_06.html,knave,
2026/06/26,金,ケシカルカッコoneman live,knave 24th Anniversary  supported by KIRIN,http://www.knave.co.jp/schedule/s_2026_06.html,knave,
2026/06/26,金,「当たって砕けルカッコ」,knave 24th Anniversary  supported by KIRIN,http://www.knave.co.jp/schedule/s_2026_06.html,knave,
2026/06/26,金,ケシカルカッコ,knave 24th Anniversary  supported by KIRIN,http://www.knave.co.jp/schedule/s_2026_06.html,knave,
2026/06/26,金,ツイキャスライブ視聴購入ページ,knave 24th Anniversary  supported by KIRIN,http://www.knave.co.jp/schedule/s_2026_06.html,knave,
2026/06/26,金,https:,knave 24th Anniversary  supported by KIRIN,http://www.knave.co.jp/schedule/s_2026_06.html,knave,
2026/06/26,金,twitcasting.tv,knave 24th Anniversary  supported by KIRIN,http://www.knave.co.jp/schedule/s_2026_06.html,knave,
2026/06/28,日,"""SHAKE IT POP!!!""",COWGIRLS 2nd LIVE TOUR,http://www.knave.co.jp/schedule/s_2026_06.html,knave,
2026/06/28,日,COWGIRLS,COWGIRLS 2nd LIVE TOUR,http://www.knave.co.jp/schedule/s_2026_06.html,knave,
2026/06/28,日,"VIP ¥10,000",COWGIRLS 2nd LIVE TOUR,http://www.knave.co.jp/schedule/s_2026_06.html,knave,
2026/06/28,日,"特典付き¥6,000",COWGIRLS 2nd LIVE TOUR,http://www.knave.co.jp/schedule/s_2026_06.html,knave,
2026/06/28,日,TIGETにて4,COWGIRLS 2nd LIVE TOUR,http://www.knave.co.jp/schedule/s_2026_06.html,knave,
2026/06/28,日,120:00より発売,COWGIRLS 2nd LIVE TOUR,http://www.knave.co.jp/schedule/s_2026_06.html,knave,
2026/06/28,日,問)knave06-6535-0691,COWGIRLS 2nd LIVE TOUR,http://www.knave.co.jp/schedule/s_2026_06.html,knave,
2026/07/04,土,「アカフレ関西の陣　～Osaka　Party～」,昼の部,http://www.knave.co.jp/schedule/s_2026_07.html,knave,
2026/07/04,土,“LIVE IT LOUD” 君のもとへ,昼の部,http://www.knave.co.jp/schedule/s_2026_07.html,knave,
2026/07/04,土,学割:1,昼の部,http://www.knave.co.jp/schedule/s_2026_07.html,knave,
2026/07/04,土,500円,昼の部,http://www.knave.co.jp/schedule/s_2026_07.html,knave,
2026/07/04,土,問・チケット販売) アカフレ！！,昼の部,http://www.knave.co.jp/schedule/s_2026_07.html,knave,
2026/07/05,日,“LIVE IT LOUD” 君のもとへ,祐汰 Birthday ONE MAN,http://www.knave.co.jp/schedule/s_2026_07.html,knave,
2026/07/05,日,祐汰,祐汰 Birthday ONE MAN,http://www.knave.co.jp/schedule/s_2026_07.html,knave,
2026/07/05,日,VIP:10,祐汰 Birthday ONE MAN,http://www.knave.co.jp/schedule/s_2026_07.html,knave,
2026/07/05,日,000円,祐汰 Birthday ONE MAN,http://www.knave.co.jp/schedule/s_2026_07.html,knave,
2026/07/05,日,問・チケット販売) 祐汰公式サイト,祐汰 Birthday ONE MAN,http://www.knave.co.jp/schedule/s_2026_07.html,knave,
2026/07/20,月,梶有紀子,KAJI YUKIKO LIVE 2026 -ME TOO-,http://www.knave.co.jp/schedule/s_2026_07.html,knave,
2026/07/20,月,3,KAJI YUKIKO LIVE 2026 -ME TOO-,http://www.knave.co.jp/schedule/s_2026_07.html,knave,
2026/07/20,月,29より発売,KAJI YUKIKO LIVE 2026 -ME TOO-,http://www.knave.co.jp/schedule/s_2026_07.html,knave,
2026/07/20,月,問)knave 06-6535-0691,KAJI YUKIKO LIVE 2026 -ME TOO-,http://www.knave.co.jp/schedule/s_2026_07.html,knave,
2026/07/20,月,竹内宏美,「ひろみとピアノのランデブー」,http://www.knave.co.jp/schedule/s_2026_07.html,knave,
2026/07/20,月,3114:00より発売,「ひろみとピアノのランデブー」,http://www.knave.co.jp/schedule/s_2026_07.html,knave,
2026/07/21,火,- deadline - 大阪公演,平畑徹也 Band Set Live Tour 2026,http://www.knave.co.jp/schedule/s_2026_07.html,knave,
2026/07/21,火,平畑徹也,平畑徹也 Band Set Live Tour 2026,http://www.knave.co.jp/schedule/s_2026_07.html,knave,
2026/07/21,火,Guitar 秋好佑紀,平畑徹也 Band Set Live Tour 2026,http://www.knave.co.jp/schedule/s_2026_07.html,knave,
2026/07/21,火,Bass 高間有一,平畑徹也 Band Set Live Tour 2026,http://www.knave.co.jp/schedule/s_2026_07.html,knave,
2026/07/21,火,Drums 柏倉隆史,平畑徹也 Band Set Live Tour 2026,http://www.knave.co.jp/schedule/s_2026_07.html,knave,
2026/07/21,火,問・チケット予約) 平畑徹也公式 Xにて,平畑徹也 Band Set Live Tour 2026,http://www.knave.co.jp/schedule/s_2026_07.html,knave,
2026/08/09,日,BAND with 齊藤ジョニー,竹渕慶 TOUR 2026 〜この歌をあなたに〜,http://www.knave.co.jp/schedule/s_2026_07.html,knave,
2026/08/09,日,竹渕慶,竹渕慶 TOUR 2026 〜この歌をあなたに〜,http://www.knave.co.jp/schedule/s_2026_07.html,knave,
2026/08/09,日,※3歳未満のお子様のご入場はご遠慮下さい。小学生以上のお子様からチケットが必要になります。,竹渕慶 TOUR 2026 〜この歌をあなたに〜,http://www.knave.co.jp/schedule/s_2026_07.html,knave,
2026/08/09,日,一般発売4,竹渕慶 TOUR 2026 〜この歌をあなたに〜,http://www.knave.co.jp/schedule/s_2026_07.html,knave,
2026/08/09,日,12,竹渕慶 TOUR 2026 〜この歌をあなたに〜,http://www.knave.co.jp/schedule/s_2026_07.html,knave,
2026/08/09,日,問)キョードーインフォメーション0570-200-888,竹渕慶 TOUR 2026 〜この歌をあなたに〜,http://www.knave.co.jp/schedule/s_2026_07.html,knave,
2026/09/19,土,こよなく愛する人達へ〜,〜SOFT BALLETを,http://www.knave.co.jp/schedule/s_2026_07.html,knave,
2026/09/19,土,MARBLEMARKET PRESENTS,〜SOFT BALLETを,http://www.knave.co.jp/schedule/s_2026_07.html,knave,
2026/09/19,土,SOUND MASTURBATION,〜SOFT BALLETを,http://www.knave.co.jp/schedule/s_2026_07.html,knave,
2026/09/19,土,アンドロジニー,〜SOFT BALLETを,http://www.knave.co.jp/schedule/s_2026_07.html,knave,
2026/09/19,土,PLP,〜SOFT BALLETを,http://www.knave.co.jp/schedule/s_2026_07.html,knave,
2026/09/19,土,L.es.B,〜SOFT BALLETを,http://www.knave.co.jp/schedule/s_2026_07.html,knave,
2026/09/19,土,TAKA with REDSUNS,〜SOFT BALLETを,http://www.knave.co.jp/schedule/s_2026_07.html,knave,
2026/09/19,土,k2k rub,〜SOFT BALLETを,http://www.knave.co.jp/schedule/s_2026_07.html,knave,
2026/09/19,土,newもぎたて,〜SOFT BALLETを,http://www.knave.co.jp/schedule/s_2026_07.html,knave,
2026/09/19,土,問)knave 06-6535-0691,〜SOFT BALLETを,http://www.knave.co.jp/schedule/s_2026_07.html,knave,
2026/09/27,日,バースデーワンマンライブツア,小野亜里沙,http://www.knave.co.jp/schedule/s_2026_07.html,knave,
2026/09/27,日,ー 2026大阪公演,小野亜里沙,http://www.knave.co.jp/schedule/s_2026_07.html,knave,
2026/09/27,日,世界〜誰かの希望になりたくて〜,小野亜里沙,http://www.knave.co.jp/schedule/s_2026_07.html,knave,
2026/09/27,日,小野亜里沙,小野亜里沙,http://www.knave.co.jp/schedule/s_2026_07.html,knave,
2026/09/27,日,一般発売1,小野亜里沙,http://www.knave.co.jp/schedule/s_2026_07.html,knave,
2026/09/27,日,29,小野亜里沙,http://www.knave.co.jp/schedule/s_2026_07.html,knave,
2026/09/27,日,問)knave06-6535-0691,小野亜里沙,http://www.knave.co.jp/schedule/s_2026_07.html,knave,
2026/10/17,土,東名阪札福ワンマンツアー,あくあいゆい,http://www.knave.co.jp/schedule/s_2026_07.html,knave,
2026/10/17,土,2026 LiberRene,あくあいゆい,http://www.knave.co.jp/schedule/s_2026_07.html,knave,
2026/10/17,土,あくあゆい,あくあいゆい,http://www.knave.co.jp/schedule/s_2026_07.html,knave,
2026/10/17,土,PREMIUM￥5,あくあいゆい,http://www.knave.co.jp/schedule/s_2026_07.html,knave,
2026/10/17,土,000,あくあいゆい,http://www.knave.co.jp/schedule/s_2026_07.html,knave,
2026/10/17,土,学割￥2,あくあいゆい,http://www.knave.co.jp/schedule/s_2026_07.html,knave,
2026/10/17,土,500,あくあいゆい,http://www.knave.co.jp/schedule/s_2026_07.html,knave,
2026/10/17,土,問・チケット発売)TIGET,あくあいゆい,http://www.knave.co.jp/schedule/s_2026_07.html,knave,
